epoch,category,task_count,grid_accuracy,cell_accuracy,grid_correct,grid_total,cell_correct,cell_total,copy_rate,change_recall,transformation_quality
15,C1,31,0.0000,67.6544,0,104,9818,14512,0.1614,0.5546,0.066803
15,S2,7,0.0000,64.4430,0,23,4009,6221,0.0609,0.8832,0.297190
15,S3,82,0.0000,74.3634,0,231,58379,78505,0.3795,0.5537,0.212879
