epoch,category,task_count,grid_accuracy,cell_accuracy,grid_correct,grid_total,cell_correct,cell_total,copy_rate,change_recall,transformation_quality
76,C1,31,0.0000,66.6207,0,104,9668,14512,0.1611,0.5593,0.065786
76,S2,7,0.0000,61.9193,0,23,3852,6221,0.0582,0.8876,0.285276
76,S3,82,0.0000,73.1673,0,231,57440,78505,0.3994,0.5186,0.189183
