epoch,category,task_count,grid_accuracy,cell_accuracy,grid_correct,grid_total,cell_correct,cell_total,copy_rate,change_recall,transformation_quality
12,C1,31,0.0000,66.4140,0,104,9638,14512,0.1578,0.5515,0.067328
12,S2,7,0.0000,65.0538,0,23,4047,6221,0.0616,0.8862,0.298614
12,S3,82,0.0000,73.1520,0,231,57428,78505,0.3885,0.5536,0.198404
