epoch,category,task_count,grid_accuracy,cell_accuracy,grid_correct,grid_total,cell_correct,cell_total,copy_rate,change_recall,transformation_quality
94,C1,31,0.0000,66.7999,0,104,9694,14512,0.1602,0.5693,0.065276
94,S2,7,0.0000,62.9802,0,23,3918,6221,0.0601,0.8792,0.291339
94,S3,82,0.0000,72.1521,0,231,56643,78505,0.4010,0.5053,0.183060
