epoch,category,task_count,grid_accuracy,cell_accuracy,grid_correct,grid_total,cell_correct,cell_total,copy_rate,change_recall,transformation_quality
9,C1,31,0.0000,67.3236,0,104,9770,14512,0.1615,0.5367,0.066660
9,S2,7,0.0000,65.3110,0,23,4063,6221,0.0615,0.8763,0.302848
9,S3,82,0.0000,74.2233,0,231,58269,78505,0.3951,0.5248,0.202545
