epoch,category,task_count,grid_accuracy,cell_accuracy,grid_correct,grid_total,cell_correct,cell_total,copy_rate,change_recall,transformation_quality
39,C1,31,0.0000,67.3098,0,104,9768,14512,0.1611,0.5512,0.067287
39,S2,7,0.0000,64.4430,0,23,4009,6221,0.0586,0.8966,0.301588
39,S3,82,0.0000,73.7418,0,231,57891,78505,0.3933,0.5255,0.198737
