epoch,category,task_count,grid_accuracy,cell_accuracy,grid_correct,grid_total,cell_correct,cell_total,copy_rate,change_recall,transformation_quality
73,C1,31,0.0000,66.8275,0,104,9698,14512,0.1583,0.5754,0.066727
73,S2,7,0.0000,63.5911,0,23,3956,6221,0.0627,0.8737,0.293517
73,S3,82,0.0000,73.3367,0,231,57573,78505,0.3984,0.5214,0.192295
