epoch,category,task_count,grid_accuracy,cell_accuracy,grid_correct,grid_total,cell_correct,cell_total,copy_rate,change_recall,transformation_quality
77,C1,31,0.0000,66.5449,0,104,9657,14512,0.1607,0.5623,0.065274
77,S2,7,0.0000,62.6266,0,23,3896,6221,0.0586,0.8851,0.288483
77,S3,82,0.0000,73.0221,0,231,57326,78505,0.3979,0.5192,0.190005
