epoch,category,task_count,grid_accuracy,cell_accuracy,grid_correct,grid_total,cell_correct,cell_total,copy_rate,change_recall,transformation_quality
32,C1,31,0.0000,67.8886,0,104,9852,14512,0.1615,0.5432,0.068241
32,S2,7,0.0000,63.2053,0,23,3932,6221,0.0616,0.8818,0.290204
32,S3,82,0.0000,73.5902,0,231,57772,78505,0.3867,0.5351,0.202821
