epoch,category,task_count,grid_accuracy,cell_accuracy,grid_correct,grid_total,cell_correct,cell_total,copy_rate,change_recall,transformation_quality
41,C1,31,0.0000,67.1031,0,104,9738,14512,0.1641,0.5410,0.065293
41,S2,7,0.0000,63.9608,0,23,3979,6221,0.0600,0.8907,0.297749
41,S3,82,0.0000,74.0717,0,231,58150,78505,0.3923,0.5329,0.201354
