epoch,category,task_count,grid_accuracy,cell_accuracy,grid_correct,grid_total,cell_correct,cell_total,copy_rate,change_recall,transformation_quality
89,C1,31,0.0000,66.9653,0,104,9718,14512,0.1619,0.5582,0.064712
89,S2,7,0.0000,64.4591,0,23,4010,6221,0.0601,0.8894,0.301109
89,S3,82,0.0000,73.3762,0,231,57604,78505,0.3958,0.5191,0.191374
