epoch,category,task_count,grid_accuracy,cell_accuracy,grid_correct,grid_total,cell_correct,cell_total,copy_rate,change_recall,transformation_quality
56,C1,31,0.0000,67.0480,0,104,9730,14512,0.1617,0.5513,0.068130
56,S2,7,0.0000,60.9870,0,23,3794,6221,0.0598,0.8911,0.281857
56,S3,82,0.0000,72.9342,0,231,57257,78505,0.3924,0.5236,0.194099
