epoch,category,task_count,grid_accuracy,cell_accuracy,grid_correct,grid_total,cell_correct,cell_total,copy_rate,change_recall,transformation_quality
18,C1,31,0.0000,66.9515,0,104,9716,14512,0.1606,0.5696,0.066401
18,S2,7,0.0000,63.5750,0,23,3955,6221,0.0601,0.8743,0.296430
18,S3,82,0.0000,73.5023,0,231,57703,78505,0.3837,0.5579,0.202143
