epoch,category,task_count,grid_accuracy,cell_accuracy,grid_correct,grid_total,cell_correct,cell_total,copy_rate,change_recall,transformation_quality
45,C1,31,0.0000,66.9308,0,104,9713,14512,0.1584,0.5751,0.067884
45,S2,7,0.0000,59.9743,0,23,3731,6221,0.0561,0.8894,0.275019
45,S3,82,0.0000,74.2488,0,231,58289,78505,0.3830,0.5616,0.211777
