epoch,category,task_count,grid_accuracy,cell_accuracy,grid_correct,grid_total,cell_correct,cell_total,copy_rate,change_recall,transformation_quality
29,C1,31,0.0000,67.8749,0,104,9850,14512,0.1590,0.5756,0.069442
29,S2,7,0.0000,64.4912,0,23,4012,6221,0.0660,0.8743,0.293795
29,S3,82,0.0000,74.1303,0,231,58196,78505,0.3881,0.5361,0.205398
