epoch,category,task_count,grid_accuracy,cell_accuracy,grid_correct,grid_total,cell_correct,cell_total,copy_rate,change_recall,transformation_quality
10,C1,31,0.0000,67.1996,0,104,9752,14512,0.1596,0.5473,0.068071
10,S2,7,0.0000,65.5361,0,23,4077,6221,0.0607,0.8772,0.302590
10,S3,82,0.0000,74.2551,0,231,58294,78505,0.3945,0.5322,0.201845
