epoch,category,task_count,grid_accuracy,cell_accuracy,grid_correct,grid_total,cell_correct,cell_total,copy_rate,change_recall,transformation_quality
34,C1,31,0.0000,68.2401,0,104,9903,14512,0.1618,0.5575,0.069319
34,S2,7,0.0000,64.5716,0,23,4017,6221,0.0594,0.8818,0.297560
34,S3,82,0.0000,73.9252,0,231,58035,78505,0.3896,0.5370,0.201876
