epoch,category,task_count,grid_accuracy,cell_accuracy,grid_correct,grid_total,cell_correct,cell_total,copy_rate,change_recall,transformation_quality
43,C1,31,0.0000,66.7448,0,104,9686,14512,0.1601,0.5636,0.067310
43,S2,7,0.0000,63.6071,0,23,3957,6221,0.0617,0.8767,0.294545
43,S3,82,0.0000,74.1303,0,231,58196,78505,0.3902,0.5337,0.199090
