epoch,category,task_count,grid_accuracy,cell_accuracy,grid_correct,grid_total,cell_correct,cell_total,copy_rate,change_recall,transformation_quality
17,C1,31,0.0000,67.7095,0,104,9826,14512,0.1581,0.5643,0.070672
17,S2,7,0.0000,64.9413,0,23,4040,6221,0.0601,0.8794,0.298367
17,S3,82,0.0000,74.3328,0,231,58355,78505,0.3873,0.5293,0.206446
