epoch,category,task_count,grid_accuracy,cell_accuracy,grid_correct,grid_total,cell_correct,cell_total,copy_rate,change_recall,transformation_quality
7,C1,31,0.0000,68.4537,0,104,9934,14512,0.1564,0.5903,0.074180
7,S2,7,0.0000,65.9058,0,23,4100,6221,0.0590,0.8926,0.305901
7,S3,82,0.0000,74.8194,0,231,58737,78505,0.3878,0.5471,0.212159
