epoch,category,task_count,grid_accuracy,cell_accuracy,grid_correct,grid_total,cell_correct,cell_total,copy_rate,change_recall,transformation_quality
33,C1,31,0.0000,68.0678,0,104,9878,14512,0.1619,0.5452,0.068531
33,S2,7,0.0000,63.3821,0,23,3943,6221,0.0615,0.8760,0.290638
33,S3,82,0.0000,73.7049,0,231,57862,78505,0.3903,0.5254,0.201490
