epoch,category,task_count,grid_accuracy,cell_accuracy,grid_correct,grid_total,cell_correct,cell_total,copy_rate,change_recall,transformation_quality
69,C1,31,0.0000,67.3649,0,104,9776,14512,0.1654,0.5393,0.063021
69,S2,7,0.0000,62.0640,0,23,3861,6221,0.0598,0.8779,0.283366
69,S3,82,0.0000,73.0450,0,231,57344,78505,0.3949,0.5166,0.191380
