epoch,category,task_count,grid_accuracy,cell_accuracy,grid_correct,grid_total,cell_correct,cell_total,copy_rate,change_recall,transformation_quality
35,C1,31,0.0000,68.1229,0,104,9886,14512,0.1600,0.5646,0.070006
35,S2,7,0.0000,63.5911,0,23,3956,6221,0.0617,0.8779,0.292187
35,S3,82,0.0000,73.7354,0,231,57886,78505,0.3922,0.5268,0.199889
