epoch,category,task_count,grid_accuracy,cell_accuracy,grid_correct,grid_total,cell_correct,cell_total,copy_rate,change_recall,transformation_quality
28,C1,31,0.0000,67.5096,0,104,9797,14512,0.1596,0.5693,0.067822
28,S2,7,0.0000,64.0251,0,23,3983,6221,0.0658,0.8746,0.291068
28,S3,82,0.0000,73.8386,0,231,57967,78505,0.3876,0.5335,0.203968
