epoch,category,task_count,grid_accuracy,cell_accuracy,grid_correct,grid_total,cell_correct,cell_total,copy_rate,change_recall,transformation_quality
11,C1,31,0.0000,67.6750,0,104,9821,14512,0.1596,0.5540,0.069773
11,S2,7,0.0000,65.1824,0,23,4055,6221,0.0610,0.8750,0.299777
11,S3,82,0.0000,73.9240,0,231,58034,78505,0.3944,0.5274,0.202284
