epoch,category,task_count,grid_accuracy,cell_accuracy,grid_correct,grid_total,cell_correct,cell_total,copy_rate,change_recall,transformation_quality
53,C1,31,0.0000,66.8757,0,104,9705,14512,0.1600,0.5710,0.066364
53,S2,7,0.0000,63.6875,0,23,3962,6221,0.0598,0.8920,0.291021
53,S3,82,0.0000,73.6985,0,231,57857,78505,0.3957,0.5249,0.197031
