epoch,category,task_count,grid_accuracy,cell_accuracy,grid_correct,grid_total,cell_correct,cell_total,copy_rate,change_recall,transformation_quality
66,C1,31,0.0000,66.4553,0,104,9644,14512,0.1639,0.5382,0.061879
66,S2,7,0.0000,63.0285,0,23,3921,6221,0.0611,0.8838,0.289911
66,S3,82,0.0000,71.7636,0,231,56338,78505,0.3952,0.4991,0.182042
