epoch,category,task_count,grid_accuracy,cell_accuracy,grid_correct,grid_total,cell_correct,cell_total,copy_rate,change_recall,transformation_quality
82,C1,31,0.0000,67.0204,0,104,9726,14512,0.1611,0.5655,0.065866
82,S2,7,0.0000,64.1376,0,23,3990,6221,0.0628,0.8809,0.295206
82,S3,82,0.0000,73.4144,0,231,57634,78505,0.4011,0.5087,0.187764
