epoch,category,task_count,grid_accuracy,cell_accuracy,grid_correct,grid_total,cell_correct,cell_total,copy_rate,change_recall,transformation_quality
99,C1,31,0.0000,66.1384,0,104,9598,14512,0.1605,0.5555,0.064232
99,S2,7,0.0000,63.9608,0,23,3979,6221,0.0612,0.8801,0.292902
99,S3,82,0.0000,73.1686,0,231,57441,78505,0.3948,0.5211,0.192646
