epoch,category,task_count,grid_accuracy,cell_accuracy,grid_correct,grid_total,cell_correct,cell_total,copy_rate,change_recall,transformation_quality
52,C1,31,0.0000,67.0342,0,104,9728,14512,0.1582,0.5801,0.068196
52,S2,7,0.0000,63.4464,0,23,3947,6221,0.0600,0.8916,0.290405
52,S3,82,0.0000,73.6705,0,231,57835,78505,0.3948,0.5278,0.197720
