epoch,category,task_count,grid_accuracy,cell_accuracy,grid_correct,grid_total,cell_correct,cell_total,copy_rate,change_recall,transformation_quality
92,C1,31,0.0000,66.5794,0,104,9662,14512,0.1585,0.5588,0.065097
92,S2,7,0.0000,62.6587,0,23,3898,6221,0.0592,0.8804,0.288911
92,S3,82,0.0000,71.5814,0,231,56195,78505,0.3971,0.5104,0.182861
