epoch,category,task_count,grid_accuracy,cell_accuracy,grid_correct,grid_total,cell_correct,cell_total,copy_rate,change_recall,transformation_quality
44,C1,31,0.0000,66.9170,0,104,9711,14512,0.1593,0.5588,0.068371
44,S2,7,0.0000,64.9413,0,23,4040,6221,0.0595,0.8941,0.302822
44,S3,82,0.0000,73.6959,0,231,57855,78505,0.3871,0.5458,0.202579
