epoch,category,task_count,grid_accuracy,cell_accuracy,grid_correct,grid_total,cell_correct,cell_total,copy_rate,change_recall,transformation_quality
67,C1,31,0.0000,66.9170,0,104,9711,14512,0.1551,0.5704,0.071144
67,S2,7,0.0000,65.2950,0,23,4062,6221,0.0585,0.8880,0.303037
67,S3,82,0.0000,74.4475,0,231,58445,78505,0.3725,0.5781,0.215267
