epoch,category,task_count,grid_accuracy,cell_accuracy,grid_correct,grid_total,cell_correct,cell_total,copy_rate,change_recall,transformation_quality
28,C1,31,0.0000,67.2891,0,104,9765,14512,0.1599,0.5525,0.067952
28,S2,7,0.0000,64.5716,0,23,4017,6221,0.0623,0.8723,0.298535
28,S3,82,0.0000,74.7647,0,231,58694,78505,0.3811,0.5659,0.218108
