epoch,category,task_count,grid_accuracy,cell_accuracy,grid_correct,grid_total,cell_correct,cell_total,copy_rate,change_recall,transformation_quality
13,C1,31,0.0000,67.6544,0,104,9818,14512,0.1570,0.5878,0.070967
13,S2,7,0.0000,60.6333,0,23,3772,6221,0.0574,0.8911,0.282726
13,S3,82,0.0000,74.2246,0,231,58270,78505,0.3771,0.5852,0.215321
