epoch,category,task_count,grid_accuracy,cell_accuracy,grid_correct,grid_total,cell_correct,cell_total,copy_rate,change_recall,transformation_quality
75,C1,31,0.0000,66.9859,0,104,9721,14512,0.1546,0.6100,0.071096
75,S2,7,0.0000,64.4269,0,23,4008,6221,0.0591,0.8942,0.299244
75,S3,82,0.0000,74.9914,0,231,58872,78505,0.3615,0.5951,0.224237
