epoch,category,task_count,grid_accuracy,cell_accuracy,grid_correct,grid_total,cell_correct,cell_total,copy_rate,change_recall,transformation_quality
65,C1,31,0.0000,67.2271,0,104,9756,14512,0.1568,0.5907,0.069335
65,S2,7,0.0000,64.4591,0,23,4010,6221,0.0606,0.8828,0.297874
65,S3,82,0.0000,74.8538,0,231,58764,78505,0.3670,0.5795,0.218611
