epoch,category,task_count,grid_accuracy,cell_accuracy,grid_correct,grid_total,cell_correct,cell_total,copy_rate,change_recall,transformation_quality
35,C1,31,0.0000,67.5854,0,104,9808,14512,0.1616,0.5697,0.067912
35,S2,7,0.0000,62.1283,0,23,3865,6221,0.0617,0.8808,0.290130
35,S3,82,0.0000,74.9952,0,231,58875,78505,0.3846,0.5659,0.214056
