epoch,category,task_count,grid_accuracy,cell_accuracy,grid_correct,grid_total,cell_correct,cell_total,copy_rate,change_recall,transformation_quality
29,C1,31,0.0000,67.5372,0,104,9801,14512,0.1624,0.5535,0.066280
29,S2,7,0.0000,64.5555,0,23,4016,6221,0.0626,0.8746,0.298460
29,S3,82,0.0000,74.9213,0,231,58817,78505,0.3829,0.5644,0.215929
