epoch,category,task_count,grid_accuracy,cell_accuracy,grid_correct,grid_total,cell_correct,cell_total,copy_rate,change_recall,transformation_quality
86,C1,31,0.0000,66.4002,0,104,9636,14512,0.1563,0.5897,0.068108
86,S2,7,0.0000,63.2696,0,23,3936,6221,0.0596,0.8802,0.292374
86,S3,82,0.0000,74.6615,0,231,58613,78505,0.3603,0.5901,0.217200
