epoch,category,task_count,grid_accuracy,cell_accuracy,grid_correct,grid_total,cell_correct,cell_total,copy_rate,change_recall,transformation_quality
44,C1,31,0.0000,67.5096,0,104,9797,14512,0.1597,0.5724,0.068767
44,S2,7,0.0000,64.0251,0,23,3983,6221,0.0603,0.8787,0.293541
44,S3,82,0.0000,74.3392,0,231,58360,78505,0.3783,0.5619,0.212837
