epoch,category,task_count,grid_accuracy,cell_accuracy,grid_correct,grid_total,cell_correct,cell_total,copy_rate,change_recall,transformation_quality
66,C1,31,0.0000,66.9653,0,104,9718,14512,0.1587,0.5765,0.067118
66,S2,7,0.0000,66.9024,0,23,4162,6221,0.0617,0.8788,0.308950
66,S3,82,0.0000,75.0003,0,231,58879,78505,0.3712,0.5820,0.217892
