epoch,category,task_count,grid_accuracy,cell_accuracy,grid_correct,grid_total,cell_correct,cell_total,copy_rate,change_recall,transformation_quality
30,C1,31,0.0000,67.3925,0,104,9780,14512,0.1601,0.5639,0.068443
30,S2,7,0.0000,64.3787,0,23,4005,6221,0.0606,0.8748,0.299144
30,S3,82,0.0000,73.9316,0,231,58040,78505,0.3830,0.5699,0.209888
