epoch,category,task_count,grid_accuracy,cell_accuracy,grid_correct,grid_total,cell_correct,cell_total,copy_rate,change_recall,transformation_quality
18,C1,31,0.0000,67.7646,0,104,9834,14512,0.1592,0.5511,0.069418
18,S2,7,0.0000,62.1122,0,23,3864,6221,0.0607,0.8812,0.289769
18,S3,82,0.0000,73.7800,0,231,57921,78505,0.3784,0.5657,0.212215
