epoch,category,task_count,grid_accuracy,cell_accuracy,grid_correct,grid_total,cell_correct,cell_total,copy_rate,change_recall,transformation_quality
20,C1,31,0.0000,68.3503,0,104,9919,14512,0.1624,0.5433,0.069187
20,S2,7,0.0000,65.2307,0,23,4058,6221,0.0618,0.8808,0.301882
20,S3,82,0.0000,74.9825,0,231,58865,78505,0.3857,0.5609,0.213752
