epoch,category,task_count,grid_accuracy,cell_accuracy,grid_correct,grid_total,cell_correct,cell_total,copy_rate,change_recall,transformation_quality
76,C1,31,0.0000,66.8137,0,104,9696,14512,0.1563,0.5928,0.069789
76,S2,7,0.0000,64.7967,0,23,4031,6221,0.0584,0.8918,0.301594
76,S3,82,0.0000,74.7443,0,231,58678,78505,0.3717,0.5789,0.215990
