epoch,category,task_count,grid_accuracy,cell_accuracy,grid_correct,grid_total,cell_correct,cell_total,copy_rate,change_recall,transformation_quality
61,C1,31,0.0000,67.4821,0,104,9793,14512,0.1531,0.6186,0.071736
61,S2,7,0.0000,63.6232,0,23,3958,6221,0.0576,0.8974,0.296883
61,S3,82,0.0000,74.6080,0,231,58571,78505,0.3620,0.5987,0.224052
