epoch,category,task_count,grid_accuracy,cell_accuracy,grid_correct,grid_total,cell_correct,cell_total,copy_rate,change_recall,transformation_quality
24,C1,31,0.0000,68.0816,0,104,9880,14512,0.1621,0.5786,0.067444
24,S2,7,0.0000,64.8770,0,23,4036,6221,0.0606,0.8779,0.301758
24,S3,82,0.0000,74.1227,0,231,58190,78505,0.3740,0.5777,0.214189
