epoch,category,task_count,grid_accuracy,cell_accuracy,grid_correct,grid_total,cell_correct,cell_total,copy_rate,change_recall,transformation_quality
94,C1,31,0.0000,66.9033,0,104,9709,14512,0.1574,0.5857,0.068300
94,S2,7,0.0000,66.0344,0,23,4108,6221,0.0597,0.8896,0.305721
94,S3,82,0.0000,74.6844,0,231,58631,78505,0.3599,0.5941,0.217723
