epoch,category,task_count,grid_accuracy,cell_accuracy,grid_correct,grid_total,cell_correct,cell_total,copy_rate,change_recall,transformation_quality
69,C1,31,0.0000,66.9170,0,104,9711,14512,0.1572,0.5777,0.069079
69,S2,7,0.0000,64.8610,0,23,4035,6221,0.0591,0.8904,0.299775
69,S3,82,0.0000,74.5035,0,231,58489,78505,0.3733,0.5735,0.216892
