epoch,category,task_count,grid_accuracy,cell_accuracy,grid_correct,grid_total,cell_correct,cell_total,copy_rate,change_recall,transformation_quality
87,C1,31,0.0000,67.1996,0,104,9752,14512,0.1548,0.6078,0.070738
87,S2,7,0.0000,65.7129,0,23,4088,6221,0.0597,0.8956,0.306413
87,S3,82,0.0000,75.0092,0,231,58886,78505,0.3660,0.5944,0.221311
