epoch,category,task_count,grid_accuracy,cell_accuracy,grid_correct,grid_total,cell_correct,cell_total,copy_rate,change_recall,transformation_quality
32,C1,31,0.0000,66.2762,0,104,9618,14512,0.1567,0.5703,0.069067
32,S2,7,0.0000,64.8127,0,23,4032,6221,0.0610,0.8786,0.300525
32,S3,82,0.0000,75.0487,0,231,58917,78505,0.3776,0.5798,0.221618
