epoch,category,task_count,grid_accuracy,cell_accuracy,grid_correct,grid_total,cell_correct,cell_total,copy_rate,change_recall,transformation_quality
58,C1,31,0.0000,67.4821,0,104,9793,14512,0.1536,0.6055,0.073970
58,S2,7,0.0000,64.9092,0,23,4038,6221,0.0588,0.8903,0.301852
58,S3,82,0.0000,74.6653,0,231,58616,78505,0.3688,0.5779,0.217399
