epoch,category,task_count,grid_accuracy,cell_accuracy,grid_correct,grid_total,cell_correct,cell_total,copy_rate,change_recall,transformation_quality
71,C1,31,0.0000,66.5587,0,104,9659,14512,0.1555,0.5938,0.069867
71,S2,7,0.0000,65.1664,0,23,4054,6221,0.0591,0.8887,0.302569
71,S3,82,0.0000,74.9354,0,231,58828,78505,0.3714,0.5799,0.217574
