epoch,category,task_count,grid_accuracy,cell_accuracy,grid_correct,grid_total,cell_correct,cell_total,copy_rate,change_recall,transformation_quality
64,C1,31,0.0000,66.9584,0,104,9717,14512,0.1559,0.5938,0.069684
64,S2,7,0.0000,64.6841,0,23,4024,6221,0.0602,0.8862,0.299043
64,S3,82,0.0000,74.8513,0,231,58762,78505,0.3673,0.5772,0.219235
