epoch,category,task_count,grid_accuracy,cell_accuracy,grid_correct,grid_total,cell_correct,cell_total,copy_rate,change_recall,transformation_quality
46,C1,31,0.0000,67.7302,0,104,9829,14512,0.1581,0.5890,0.070543
46,S2,7,0.0000,64.8770,0,23,4036,6221,0.0603,0.8867,0.302058
46,S3,82,0.0000,74.8997,0,231,58800,78505,0.3810,0.5686,0.215304
