epoch,category,task_count,grid_accuracy,cell_accuracy,grid_correct,grid_total,cell_correct,cell_total,copy_rate,change_recall,transformation_quality
93,C1,31,0.0000,66.9170,0,104,9711,14512,0.1565,0.5905,0.068076
93,S2,7,0.0000,64.9253,0,23,4039,6221,0.0609,0.8860,0.301951
93,S3,82,0.0000,74.7812,0,231,58707,78505,0.3616,0.5848,0.215180
