epoch,category,task_count,grid_accuracy,cell_accuracy,grid_correct,grid_total,cell_correct,cell_total,copy_rate,change_recall,transformation_quality
37,C1,31,0.0000,67.5579,0,104,9804,14512,0.1587,0.5696,0.070343
37,S2,7,0.0000,61.8711,0,23,3849,6221,0.0614,0.8743,0.284797
37,S3,82,0.0000,74.0399,0,231,58125,78505,0.3770,0.5721,0.211534
