epoch,category,task_count,grid_accuracy,cell_accuracy,grid_correct,grid_total,cell_correct,cell_total,copy_rate,change_recall,transformation_quality
22,C1,31,0.0000,67.9851,0,104,9866,14512,0.1594,0.5740,0.068921
22,S2,7,0.0000,64.7484,0,23,4028,6221,0.0590,0.8882,0.302279
22,S3,82,0.0000,74.5392,0,231,58517,78505,0.3783,0.5689,0.215478
