epoch,category,task_count,grid_accuracy,cell_accuracy,grid_correct,grid_total,cell_correct,cell_total,copy_rate,change_recall,transformation_quality
19,C1,31,0.0000,67.4270,0,104,9785,14512,0.1633,0.5652,0.066136
19,S2,7,0.0000,64.1215,0,23,3989,6221,0.0609,0.8745,0.295248
19,S3,82,0.0000,73.8985,0,231,58014,78505,0.3828,0.5654,0.210289
