epoch,category,task_count,grid_accuracy,cell_accuracy,grid_correct,grid_total,cell_correct,cell_total,copy_rate,change_recall,transformation_quality
34,C1,31,0.0000,67.5028,0,104,9796,14512,0.1606,0.5728,0.068499
34,S2,7,0.0000,61.7425,0,23,3841,6221,0.0607,0.8791,0.288575
34,S3,82,0.0000,75.0258,0,231,58899,78505,0.3840,0.5699,0.215462
