epoch,category,task_count,grid_accuracy,cell_accuracy,grid_correct,grid_total,cell_correct,cell_total,copy_rate,change_recall,transformation_quality
78,C1,31,0.0000,67.5234,0,104,9799,14512,0.1585,0.5801,0.069451
78,S2,7,0.0000,65.5843,0,23,4080,6221,0.0578,0.8947,0.303372
78,S3,82,0.0000,74.6793,0,231,58627,78505,0.3774,0.5738,0.213799
