epoch,category,task_count,grid_accuracy,cell_accuracy,grid_correct,grid_total,cell_correct,cell_total,copy_rate,change_recall,transformation_quality
42,C1,31,0.0000,67.7577,0,104,9833,14512,0.1599,0.5799,0.069431
42,S2,7,0.0000,61.6139,0,23,3833,6221,0.0597,0.8798,0.288229
42,S3,82,0.0000,74.1023,0,231,58174,78505,0.3834,0.5613,0.208946
