epoch,category,task_count,grid_accuracy,cell_accuracy,grid_correct,grid_total,cell_correct,cell_total,copy_rate,change_recall,transformation_quality
0,C1,31,0.0000,64.5948,0,104,9374,14512,0.1572,0.5405,0.062818
0,S2,7,0.0000,65.5361,0,23,4077,6221,0.0639,0.8608,0.300973
0,S3,82,0.0000,70.0312,0,231,54978,78505,0.3600,0.5423,0.187772
