epoch,category,task_count,grid_accuracy,cell_accuracy,grid_correct,grid_total,cell_correct,cell_total,copy_rate,change_recall,transformation_quality
2,C1,31,0.0000,67.1375,0,104,9743,14512,0.1616,0.5240,0.066617
2,S2,7,0.0000,64.1858,0,23,3993,6221,0.0631,0.8681,0.295369
2,S3,82,0.0000,73.0743,0,231,57367,78505,0.3730,0.5609,0.206223
