epoch,category,task_count,grid_accuracy,cell_accuracy,grid_correct,grid_total,cell_correct,cell_total,copy_rate,change_recall,transformation_quality
57,C1,31,0.0000,67.8060,0,104,9840,14512,0.1520,0.6149,0.075478
57,S2,7,0.0000,64.6198,0,23,4020,6221,0.0580,0.8933,0.299308
57,S3,82,0.0000,74.5710,0,231,58542,78505,0.3753,0.5758,0.214570
