epoch,category,task_count,grid_accuracy,cell_accuracy,grid_correct,grid_total,cell_correct,cell_total,copy_rate,change_recall,transformation_quality
31,C1,31,0.0000,66.5449,0,104,9657,14512,0.1601,0.5793,0.066870
31,S2,7,0.0000,64.1054,0,23,3988,6221,0.0648,0.8788,0.294931
31,S3,82,0.0000,74.0921,0,231,58166,78505,0.3821,0.5613,0.211757
