epoch,category,task_count,grid_accuracy,cell_accuracy,grid_correct,grid_total,cell_correct,cell_total,copy_rate,change_recall,transformation_quality
98,C1,31,0.0000,67.2409,0,104,9758,14512,0.1560,0.6066,0.071228
98,S2,7,0.0000,65.4396,0,23,4071,6221,0.0588,0.8978,0.308003
98,S3,82,0.0000,74.4233,0,231,58426,78505,0.3688,0.5835,0.211735
