epoch,category,task_count,grid_accuracy,cell_accuracy,grid_correct,grid_total,cell_correct,cell_total,copy_rate,change_recall,transformation_quality
5,A2,1,0.0000,54.2814,0,400,84134,154996,0.1843,1.0000,0.193081
5,C1,71,4.0655,71.4942,1139,28016,4581716,6408516,0.2903,0.6192,0.199777
5,S2,4,0.0000,68.7503,0,1600,296164,430782,0.2965,0.8826,0.590749
5,S3,16,0.2188,66.1437,14,6400,977582,1477967,0.2564,0.7245,0.223408
