epoch,category,task_count,grid_accuracy,cell_accuracy,grid_correct,grid_total,cell_correct,cell_total,copy_rate,change_recall,transformation_quality
3,A2,1,0.0000,54.0711,0,400,83808,154996,0.1839,1.0000,0.192157
3,C1,71,4.0655,71.2543,1139,28016,4566346,6408516,0.2885,0.6311,0.200339
3,S2,4,0.0000,69.0830,0,1600,297597,430782,0.3062,0.8729,0.591602
3,S3,16,0.2188,67.0812,14,6400,991438,1477967,0.2522,0.7418,0.227224
