epoch,category,task_count,grid_accuracy,cell_accuracy,grid_correct,grid_total,cell_correct,cell_total,copy_rate,change_recall,transformation_quality
10,A2,1,0.0000,49.3858,0,400,76546,154996,0.1677,1.0000,0.173365
10,C1,71,4.0655,70.4611,1139,28016,4515511,6408516,0.2837,0.6392,0.203201
10,S2,4,0.0000,64.7346,0,1600,278865,430782,0.3176,0.8521,0.555088
10,S3,16,0.2188,64.1282,14,6400,947793,1477967,0.2527,0.7193,0.217332
