epoch,category,task_count,grid_accuracy,cell_accuracy,grid_correct,grid_total,cell_correct,cell_total,copy_rate,change_recall,transformation_quality
7,A2,1,0.0000,45.9547,0,400,71228,154996,0.1561,1.0000,0.157614
7,C1,71,4.0691,71.2317,1140,28016,4564894,6408516,0.2835,0.6616,0.208967
7,S2,4,0.0000,69.7599,0,1600,300513,430782,0.2997,0.8775,0.600814
7,S3,16,0.2188,65.6859,14,6400,970816,1477967,0.2511,0.7375,0.222561
