epoch,category,task_count,grid_accuracy,cell_accuracy,grid_correct,grid_total,cell_correct,cell_total,copy_rate,change_recall,transformation_quality
0,A2,1,0.0000,52.1665,0,400,80856,154996,0.1774,1.0000,0.184998
0,C1,71,4.0655,71.0166,1139,28016,4551108,6408516,0.2883,0.6400,0.200166
0,S2,4,0.0000,72.5334,0,1600,312461,430782,0.2939,0.8867,0.622132
0,S3,16,0.2188,66.0050,14,6400,975532,1477967,0.2561,0.7622,0.224629
