run,variant,best_cell_epoch,best_cell,time_to_80pct_cell,loss_delta_final_minus_at_cell_peak,cell_delta_final_minus_peak
logs_arc_agi_2_run_1,exp2_champion_arc-agi-2_csv,5.0,0.8963415622711182,0.0,0.33062073588371277,-0.03919273614883423
logs_arc_agi_2_run_1,exp3_champion_arc-agi-2_csv,16.0,0.7318670153617859,0.0,0.06821590662002563,-0.01568305492401123
logs_arc_agi_2_run_1,exp3b_merged_lora_arc-agi-2_csv,15.0,0.73240065574646,0.0,0.04190373420715332,-0.013675689697265625
logs_arc_agi_2_run_2,exp2_champion_arc-agi-2_csv,3.0,0.8965408205986023,0.0,0.3197834491729737,-0.03584045171737671
logs_arc_agi_2_run_2,exp3_champion_arc-agi-2_csv,19.0,0.7338249087333679,0.0,0.023547589778900146,-0.01780480146408081
logs_arc_agi_2_run_2,exp3b_merged_lora_arc-agi-2_csv,19.0,0.7339400053024292,0.0,0.018908023834228516,-0.009455323219299316
logs_arc_agi_2_run_3,exp2_champion_arc-agi-2_csv,3.0,0.8964718580245972,0.0,0.3276237845420838,-0.03813290596008301
logs_arc_agi_2_run_3,exp3_champion_arc-agi-2_csv,19.0,0.7326517701148987,0.0,0.04003012180328369,-0.016860008239746094
logs_arc_agi_2_run_3,exp3b_merged_lora_arc-agi-2_csv,8.0,0.7338447570800781,0.0,-0.009541451930999756,-0.012033939361572266
