epoch,category,task_count,grid_accuracy,cell_accuracy,grid_correct,grid_total,cell_correct,cell_total,copy_rate,change_recall,transformation_quality
0,A2,1,0.0000,52.1220,0,400,80787,154996,0.1774,0.9991,0.183724
0,C1,71,3.9085,74.3263,1095,28016,4763211,6408516,0.2931,0.6692,0.219569
0,S2,4,0.0000,76.3593,0,1600,328942,430782,0.2842,0.8973,0.655497
0,S3,16,0.2031,74.5983,13,6400,1102538,1477967,0.2786,0.7525,0.246012
