epoch,category,task_count,grid_accuracy,cell_accuracy,grid_correct,grid_total,cell_correct,cell_total,copy_rate,change_recall,transformation_quality
10,A2,1,0.0000,87.1939,0,400,135147,154996,0.3427,0.9809,0.358382
10,C1,71,4.0334,89.5674,1130,28016,5739942,6408516,0.3328,0.6403,0.263294
10,S2,4,2.3750,89.0418,38,1600,383576,430782,0.2367,0.9609,0.774749
10,S3,16,0.2188,90.6825,14,6400,1340257,1477967,0.3332,0.6887,0.280347
