epoch,category,task_count,grid_accuracy,cell_accuracy,grid_correct,grid_total,cell_correct,cell_total,copy_rate,change_recall,transformation_quality
28,A2,1,0.0000,87.7874,0,400,136067,154996,0.3424,0.9843,0.361894
28,C1,71,4.1298,89.9037,1157,28016,5761496,6408516,0.3231,0.6682,0.274539
28,S2,4,2.0625,90.7457,33,1600,390916,430782,0.2377,0.9625,0.790420
28,S3,16,0.2344,90.9914,15,6400,1344823,1477967,0.3182,0.7080,0.290854
