epoch,category,task_count,grid_accuracy,cell_accuracy,grid_correct,grid_total,cell_correct,cell_total,copy_rate,change_recall,transformation_quality
17,A2,1,0.0000,87.6829,0,400,135905,154996,0.3426,0.9835,0.361206
17,C1,71,4.0977,89.8285,1148,28016,5756676,6408516,0.3305,0.6519,0.267545
17,S2,4,2.1875,90.2925,35,1600,388964,430782,0.2375,0.9620,0.785644
17,S3,16,0.2344,90.9512,15,6400,1344228,1477967,0.3313,0.6949,0.285155
