epoch,category,task_count,grid_accuracy,cell_accuracy,grid_correct,grid_total,cell_correct,cell_total,copy_rate,change_recall,transformation_quality
41,A2,1,0.0000,87.6700,0,400,135885,154996,0.3421,0.9840,0.361125
41,C1,71,4.1833,89.9715,1172,28016,5765839,6408516,0.3287,0.6614,0.270232
41,S2,4,1.6250,90.9214,26,1600,391673,430782,0.2424,0.9607,0.794933
41,S3,16,0.2344,90.9515,15,6400,1344233,1477967,0.3285,0.7013,0.287831
