epoch,category,task_count,grid_accuracy,cell_accuracy,grid_correct,grid_total,cell_correct,cell_total,copy_rate,change_recall,transformation_quality
15,A2,1,0.0000,87.3048,0,400,135319,154996,0.3426,0.9823,0.359235
15,C1,71,4.0870,89.6407,1145,28016,5744637,6408516,0.3376,0.6327,0.261117
15,S2,4,2.4375,89.4478,39,1600,385325,430782,0.2361,0.9615,0.776980
15,S3,16,0.2344,90.6948,15,6400,1340439,1477967,0.3412,0.6756,0.277033
