epoch,category,task_count,grid_accuracy,cell_accuracy,grid_correct,grid_total,cell_correct,cell_total,copy_rate,change_recall,transformation_quality
47,A2,1,0.0000,87.6545,0,400,135861,154996,0.3420,0.9839,0.361050
47,C1,71,4.1619,89.9668,1166,28016,5765536,6408516,0.3294,0.6610,0.269555
47,S2,4,1.8750,90.9379,30,1600,391744,430782,0.2408,0.9602,0.793561
47,S3,16,0.2344,90.9884,15,6400,1344778,1477967,0.3267,0.7020,0.287913
