epoch,category,task_count,grid_accuracy,cell_accuracy,grid_correct,grid_total,cell_correct,cell_total,copy_rate,change_recall,transformation_quality
48,A2,1,0.0000,87.2397,0,400,135218,154996,0.3420,0.9840,0.358863
48,C1,71,4.1619,89.5098,1166,28016,5736249,6408516,0.3180,0.6657,0.273068
48,S2,4,1.9375,89.8116,31,1600,386892,430782,0.2405,0.9591,0.781045
48,S3,16,0.2344,90.6160,15,6400,1339275,1477967,0.3087,0.7166,0.292839
