epoch,category,task_count,grid_accuracy,cell_accuracy,grid_correct,grid_total,cell_correct,cell_total,copy_rate,change_recall,transformation_quality
39,A2,1,0.0000,87.4158,0,400,135491,154996,0.3417,0.9842,0.359888
39,C1,71,4.1548,89.7687,1164,28016,5752843,6408516,0.3264,0.6628,0.269857
39,S2,4,1.5625,90.6649,25,1600,390568,430782,0.2425,0.9592,0.791163
39,S3,16,0.2344,90.8296,15,6400,1342432,1477967,0.3269,0.7000,0.285953
