epoch,category,task_count,grid_accuracy,cell_accuracy,grid_correct,grid_total,cell_correct,cell_total,copy_rate,change_recall,transformation_quality
24,A2,1,0.0000,87.3642,0,400,135411,154996,0.3430,0.9776,0.358909
24,C1,71,4.0834,89.5329,1144,28016,5737728,6408516,0.3247,0.6488,0.267473
24,S2,4,2.1875,89.8434,35,1600,387029,430782,0.2371,0.9609,0.780629
24,S3,16,0.2344,90.7068,15,6400,1340616,1477967,0.3170,0.7049,0.287039
