epoch,category,task_count,grid_accuracy,cell_accuracy,grid_correct,grid_total,cell_correct,cell_total,copy_rate,change_recall,transformation_quality
35,A2,1,0.0000,87.6500,0,400,135854,154996,0.3420,0.9843,0.361048
35,C1,71,4.1512,89.9675,1163,28016,5765581,6408516,0.3291,0.6604,0.269052
35,S2,4,1.0000,91.0755,16,1600,392337,430782,0.2437,0.9588,0.796729
35,S3,16,0.2344,90.9635,15,6400,1344410,1477967,0.3275,0.7019,0.287650
