epoch,category,task_count,grid_accuracy,cell_accuracy,grid_correct,grid_total,cell_correct,cell_total,copy_rate,change_recall,transformation_quality
5,A2,1,0.0000,85.7003,0,400,132832,154996,0.3425,0.9768,0.350720
5,C1,71,4.0870,89.1447,1145,28016,5712853,6408516,0.3307,0.6371,0.261427
5,S2,4,1.9375,86.0876,31,1600,370850,430782,0.2389,0.9597,0.752694
5,S3,16,0.2344,89.9557,15,6400,1329516,1477967,0.3365,0.6757,0.275550
