epoch,category,task_count,grid_accuracy,cell_accuracy,grid_correct,grid_total,cell_correct,cell_total,copy_rate,change_recall,transformation_quality
50,A2,1,0.0000,87.4513,0,400,135546,154996,0.3424,0.9813,0.359631
50,C1,71,4.0620,89.7587,1138,28016,5752200,6408516,0.3342,0.6494,0.264300
50,S2,4,2.3125,90.4587,37,1600,389680,430782,0.2377,0.9628,0.788130
50,S3,16,0.2344,90.8412,15,6400,1342603,1477967,0.3343,0.6890,0.282220
