epoch,category,task_count,grid_accuracy,cell_accuracy,grid_correct,grid_total,cell_correct,cell_total,copy_rate,change_recall,transformation_quality
19,A2,1,0.0000,87.2874,0,400,135292,154996,0.3426,0.9814,0.359101
19,C1,71,4.1191,89.4864,1154,28016,5734752,6408516,0.3326,0.6460,0.263384
19,S2,4,2.3125,89.3282,37,1600,384810,430782,0.2361,0.9630,0.778202
19,S3,16,0.2344,90.5827,15,6400,1338782,1477967,0.3357,0.6826,0.278863
