epoch,category,task_count,grid_accuracy,cell_accuracy,grid_correct,grid_total,cell_correct,cell_total,copy_rate,change_recall,transformation_quality
3,A2,1,0.0000,85.4319,0,400,132416,154996,0.3431,0.9681,0.347875
3,C1,71,3.9121,88.7930,1096,28016,5690314,6408516,0.3290,0.6305,0.258500
3,S2,4,1.8750,84.6874,30,1600,364818,430782,0.2403,0.9556,0.736271
3,S3,16,0.2344,89.5414,15,6400,1323392,1477967,0.3304,0.6761,0.272866
