epoch,category,task_count,grid_accuracy,cell_accuracy,grid_correct,grid_total,cell_correct,cell_total,copy_rate,change_recall,transformation_quality
25,A2,1,0.0000,87.3242,0,400,135349,154996,0.3424,0.9825,0.359396
25,C1,71,4.1012,89.5768,1149,28016,5740545,6408516,0.3267,0.6575,0.267921
25,S2,4,2.2500,89.6913,36,1600,386374,430782,0.2388,0.9605,0.780148
25,S3,16,0.2188,90.5461,14,6400,1338242,1477967,0.3236,0.7027,0.283866
