epoch,category,task_count,grid_accuracy,cell_accuracy,grid_correct,grid_total,cell_correct,cell_total,copy_rate,change_recall,transformation_quality
29,A2,1,0.0000,87.8500,0,400,136164,154996,0.3425,0.9841,0.362162
29,C1,71,4.1262,90.0104,1156,28016,5768333,6408516,0.3263,0.6633,0.272963
29,S2,4,2.0625,90.9300,33,1600,391710,430782,0.2369,0.9643,0.793003
29,S3,16,0.2344,91.0563,15,6400,1345782,1477967,0.3227,0.7042,0.288624
