epoch,category,task_count,grid_accuracy,cell_accuracy,grid_correct,grid_total,cell_correct,cell_total,copy_rate,change_recall,transformation_quality
27,A2,1,0.0000,87.6261,0,400,135817,154996,0.3422,0.9837,0.360924
27,C1,71,4.1548,89.8134,1164,28016,5755709,6408516,0.3276,0.6575,0.269463
27,S2,4,1.8750,90.5270,30,1600,389974,430782,0.2379,0.9621,0.788754
27,S3,16,0.2344,90.9223,15,6400,1343801,1477967,0.3288,0.6943,0.284893
