epoch,category,task_count,grid_accuracy,cell_accuracy,grid_correct,grid_total,cell_correct,cell_total,copy_rate,change_recall,transformation_quality
2,A2,1,0.0000,85.0022,0,400,131750,154996,0.3430,0.9611,0.344476
2,C1,71,3.8121,88.5547,1068,28016,5675044,6408516,0.3309,0.6185,0.254833
2,S2,4,1.4375,83.9566,23,1600,361670,430782,0.2407,0.9545,0.730394
2,S3,16,0.2188,89.3429,14,6400,1320458,1477967,0.3360,0.6599,0.268056
