epoch,category,task_count,grid_accuracy,cell_accuracy,grid_correct,grid_total,cell_correct,cell_total,copy_rate,change_recall,transformation_quality
1,A2,1,0.0000,83.7854,0,400,129864,154996,0.3397,0.9765,0.340028
1,C1,71,3.7479,87.0598,1050,28016,5579239,6408516,0.3281,0.5914,0.242531
1,S2,4,1.1875,81.4944,19,1600,351063,430782,0.2502,0.9466,0.709031
1,S3,16,0.2500,88.2770,16,6400,1304705,1477967,0.3311,0.6345,0.260498
