epoch,category,task_count,grid_accuracy,cell_accuracy,grid_correct,grid_total,cell_correct,cell_total,copy_rate,change_recall,transformation_quality
11,A2,1,0.0000,87.3132,0,400,135332,154996,0.3427,0.9809,0.358999
11,C1,71,4.1155,89.6945,1153,28016,5748087,6408516,0.3362,0.6372,0.261911
11,S2,4,2.1875,89.4805,35,1600,385466,430782,0.2378,0.9599,0.777947
11,S3,16,0.2188,90.7846,14,6400,1341766,1477967,0.3402,0.6815,0.278148
