epoch,category,task_count,grid_accuracy,cell_accuracy,grid_correct,grid_total,cell_correct,cell_total,copy_rate,change_recall,transformation_quality
4,A2,1,0.0000,85.6248,0,400,132715,154996,0.3428,0.9734,0.349844
4,C1,71,3.9299,89.0378,1101,28016,5705999,6408516,0.3310,0.6329,0.259047
4,S2,4,2.1250,85.8058,34,1600,369636,430782,0.2373,0.9599,0.748455
4,S3,16,0.2188,89.8248,14,6400,1327581,1477967,0.3374,0.6725,0.273365
