epoch,category,task_count,grid_accuracy,cell_accuracy,grid_correct,grid_total,cell_correct,cell_total,copy_rate,change_recall,transformation_quality
4,A2,1,0.0000,54.4472,0,400,84391,154996,0.1848,1.0000,0.193684
4,C1,71,4.0655,71.4529,1139,28016,4579073,6408516,0.2890,0.6229,0.200540
4,S2,4,0.0000,68.8643,0,1600,296655,430782,0.3011,0.8781,0.591043
4,S3,16,0.2188,65.9271,14,6400,974381,1477967,0.2547,0.7204,0.221706
