epoch,category,task_count,grid_accuracy,cell_accuracy,grid_correct,grid_total,cell_correct,cell_total,copy_rate,change_recall,transformation_quality
6,A2,1,0.0000,46.8109,0,400,72555,154996,0.1590,1.0000,0.161660
6,C1,71,4.0655,70.5884,1139,28016,4523672,6408516,0.2808,0.6683,0.206473
6,S2,4,0.0000,72.3273,0,1600,311573,430782,0.3025,0.8765,0.619678
6,S3,16,0.2188,70.6401,14,6400,1044037,1477967,0.2520,0.7634,0.238449
