epoch,category,task_count,grid_accuracy,cell_accuracy,grid_correct,grid_total,cell_correct,cell_total,copy_rate,change_recall,transformation_quality
11,A2,1,0.0000,47.9128,0,400,74263,154996,0.1627,1.0000,0.167049
11,C1,71,4.0655,70.3541,1139,28016,4508652,6408516,0.2829,0.6446,0.203688
11,S2,4,0.0000,65.7014,0,1600,283030,430782,0.3208,0.8513,0.565585
11,S3,16,0.2188,66.0235,14,6400,975805,1477967,0.2553,0.7277,0.221228
