epoch,category,task_count,grid_accuracy,cell_accuracy,grid_correct,grid_total,cell_correct,cell_total,copy_rate,change_recall,transformation_quality
1,A2,1,0.0000,49.7877,0,400,77169,154996,0.1692,1.0000,0.174954
1,C1,71,4.0655,70.4854,1139,28016,4517065,6408516,0.2854,0.6383,0.202434
1,S2,4,0.0000,73.1140,0,1600,314962,430782,0.2963,0.8846,0.626386
1,S3,16,0.2188,67.4708,14,6400,997196,1477967,0.2591,0.7278,0.224396
