epoch,category,task_count,grid_accuracy,cell_accuracy,grid_correct,grid_total,cell_correct,cell_total,copy_rate,change_recall,transformation_quality
2,A2,1,0.0000,54.2401,0,400,84070,154996,0.1842,1.0000,0.192882
2,C1,71,4.0655,70.7470,1139,28016,4533836,6408516,0.2869,0.6347,0.201194
2,S2,4,0.0000,68.5001,0,1600,295086,430782,0.3080,0.8711,0.589485
2,S3,16,0.2188,68.0241,14,6400,1005374,1477967,0.2587,0.7327,0.228085
