epoch,category,task_count,grid_accuracy,cell_accuracy,grid_correct,grid_total,cell_correct,cell_total,copy_rate,change_recall,transformation_quality
9,A2,1,0.0000,54.3130,0,400,84183,154996,0.1844,1.0000,0.193100
9,C1,71,4.0655,70.6362,1139,28016,4526734,6408516,0.2827,0.6460,0.203489
9,S2,4,0.0000,67.4260,0,1600,290459,430782,0.3186,0.8560,0.577241
9,S3,16,0.2188,66.5126,14,6400,983034,1477967,0.2552,0.7308,0.222334
