epoch,category,task_count,grid_accuracy,cell_accuracy,grid_correct,grid_total,cell_correct,cell_total,copy_rate,change_recall,transformation_quality
8,A2,1,0.0000,54.0530,0,400,83780,154996,0.1836,1.0000,0.192202
8,C1,71,4.0655,70.6700,1139,28016,4528901,6408516,0.2849,0.6515,0.203917
8,S2,4,0.0000,66.6035,0,1600,286916,430782,0.3214,0.8514,0.571020
8,S3,16,0.2188,67.9229,14,6400,1003878,1477967,0.2594,0.7366,0.224985
