epoch,category,task_count,grid_accuracy,cell_accuracy,grid_correct,grid_total,cell_correct,cell_total,copy_rate,change_recall,transformation_quality
66,C1,31,0.0000,67.3512,0,104,9774,14512,0.1663,0.5404,0.064340
66,S2,7,0.0000,60.4887,0,23,3763,6221,0.0623,0.8735,0.279505
66,S3,82,0.0000,74.0310,0,231,58118,78505,0.3851,0.5453,0.207742
