epoch,category,task_count,grid_accuracy,cell_accuracy,grid_correct,grid_total,cell_correct,cell_total,copy_rate,change_recall,transformation_quality
32,C1,31,0.0000,66.8137,0,104,9696,14512,0.1631,0.5495,0.064637
32,S2,7,0.0000,64.4752,0,23,4011,6221,0.0648,0.8724,0.299334
32,S3,82,0.0000,74.0106,0,231,58102,78505,0.3830,0.5447,0.205979
