epoch,category,task_count,grid_accuracy,cell_accuracy,grid_correct,grid_total,cell_correct,cell_total,copy_rate,change_recall,transformation_quality
83,C1,31,0.0000,67.4614,0,104,9790,14512,0.1654,0.5465,0.064705
83,S2,7,0.0000,64.6038,0,23,4019,6221,0.0630,0.8755,0.297622
83,S3,82,0.0000,74.5710,0,231,58542,78505,0.3878,0.5465,0.204999
