epoch,category,task_count,grid_accuracy,cell_accuracy,grid_correct,grid_total,cell_correct,cell_total,copy_rate,change_recall,transformation_quality
11,C1,31,0.0000,68.2539,0,104,9905,14512,0.1602,0.5570,0.068787
11,S2,7,0.0000,65.1824,0,23,4055,6221,0.0590,0.8766,0.301845
11,S3,82,0.0000,74.3698,0,231,58384,78505,0.3823,0.5435,0.212216
