epoch,category,task_count,grid_accuracy,cell_accuracy,grid_correct,grid_total,cell_correct,cell_total,copy_rate,change_recall,transformation_quality
97,C1,31,0.0000,67.5992,0,104,9810,14512,0.1614,0.5652,0.067043
97,S2,7,0.0000,64.2501,0,23,3997,6221,0.0622,0.8777,0.295689
97,S3,82,0.0000,73.7074,0,231,57864,78505,0.3914,0.5372,0.199007
