epoch,category,task_count,grid_accuracy,cell_accuracy,grid_correct,grid_total,cell_correct,cell_total,copy_rate,change_recall,transformation_quality
77,C1,31,0.0000,66.8895,0,104,9707,14512,0.1646,0.5491,0.063071
77,S2,7,0.0000,64.1537,0,23,3991,6221,0.0626,0.8789,0.295477
77,S3,82,0.0000,74.1150,0,231,58184,78505,0.3852,0.5468,0.204260
