epoch,category,task_count,grid_accuracy,cell_accuracy,grid_correct,grid_total,cell_correct,cell_total,copy_rate,change_recall,transformation_quality
40,C1,31,0.0000,66.9653,0,104,9718,14512,0.1636,0.5513,0.064930
40,S2,7,0.0000,64.8127,0,23,4032,6221,0.0639,0.8784,0.297280
40,S3,82,0.0000,74.4424,0,231,58441,78505,0.3746,0.5583,0.212540
