epoch,category,task_count,grid_accuracy,cell_accuracy,grid_correct,grid_total,cell_correct,cell_total,copy_rate,change_recall,transformation_quality
44,C1,31,0.0000,67.0411,0,104,9729,14512,0.1614,0.5611,0.065439
44,S2,7,0.0000,64.9092,0,23,4038,6221,0.0645,0.8736,0.301072
44,S3,82,0.0000,74.2029,0,231,58253,78505,0.3844,0.5432,0.209943
