epoch,category,task_count,grid_accuracy,cell_accuracy,grid_correct,grid_total,cell_correct,cell_total,copy_rate,change_recall,transformation_quality
10,C1,31,0.0000,68.1781,0,104,9894,14512,0.1611,0.5550,0.068727
10,S2,7,0.0000,65.1342,0,23,4052,6221,0.0599,0.8714,0.301010
10,S3,82,0.0000,74.6717,0,231,58621,78505,0.3821,0.5473,0.213871
