epoch,category,task_count,grid_accuracy,cell_accuracy,grid_correct,grid_total,cell_correct,cell_total,copy_rate,change_recall,transformation_quality
6,C1,31,0.0000,66.1453,0,104,9599,14512,0.1640,0.5562,0.061297
6,S2,7,0.0000,65.3593,0,23,4066,6221,0.0620,0.8788,0.301527
6,S3,82,0.0000,74.4042,0,231,58411,78505,0.3754,0.5673,0.216808
