epoch,category,task_count,grid_accuracy,cell_accuracy,grid_correct,grid_total,cell_correct,cell_total,copy_rate,change_recall,transformation_quality
41,C1,31,0.0000,67.3167,0,104,9769,14512,0.1643,0.5538,0.064853
41,S2,7,0.0000,64.3466,0,23,4003,6221,0.0645,0.8770,0.294337
41,S3,82,0.0000,74.6500,0,231,58604,78505,0.3769,0.5544,0.212447
