epoch,category,task_count,grid_accuracy,cell_accuracy,grid_correct,grid_total,cell_correct,cell_total,copy_rate,change_recall,transformation_quality
56,C1,31,0.0000,67.6268,0,104,9814,14512,0.1667,0.5562,0.064394
56,S2,7,0.0000,65.7129,0,23,4088,6221,0.0625,0.8755,0.304832
56,S3,82,0.0000,74.2182,0,231,58265,78505,0.3812,0.5533,0.210571
