epoch,category,task_count,grid_accuracy,cell_accuracy,grid_correct,grid_total,cell_correct,cell_total,copy_rate,change_recall,transformation_quality
89,C1,31,0.0000,66.9584,0,104,9717,14512,0.1653,0.5528,0.063045
89,S2,7,0.0000,64.3305,0,23,4002,6221,0.0631,0.8788,0.297457
89,S3,82,0.0000,74.3367,0,231,58358,78505,0.3810,0.5575,0.206673
