epoch,category,task_count,grid_accuracy,cell_accuracy,grid_correct,grid_total,cell_correct,cell_total,copy_rate,change_recall,transformation_quality
69,C1,31,0.0000,67.7508,0,104,9832,14512,0.1629,0.5567,0.067470
69,S2,7,0.0000,62.4819,0,23,3887,6221,0.0614,0.8859,0.292135
69,S3,82,0.0000,74.3303,0,231,58353,78505,0.3788,0.5517,0.210872
