epoch,category,task_count,grid_accuracy,cell_accuracy,grid_correct,grid_total,cell_correct,cell_total,copy_rate,change_recall,transformation_quality
45,C1,31,0.0000,67.2685,0,104,9762,14512,0.1615,0.5692,0.067205
45,S2,7,0.0000,64.0412,0,23,3984,6221,0.0667,0.8673,0.293964
45,S3,82,0.0000,73.7685,0,231,57912,78505,0.3825,0.5460,0.208351
