epoch,category,task_count,grid_accuracy,cell_accuracy,grid_correct,grid_total,cell_correct,cell_total,copy_rate,change_recall,transformation_quality
21,C1,31,0.0000,67.9369,0,104,9859,14512,0.1648,0.5365,0.067243
21,S2,7,0.0000,60.5047,0,23,3764,6221,0.0677,0.8568,0.280852
21,S3,82,0.0000,73.8896,0,231,58007,78505,0.3957,0.5160,0.201342
