epoch,category,task_count,grid_accuracy,cell_accuracy,grid_correct,grid_total,cell_correct,cell_total,copy_rate,change_recall,transformation_quality
42,C1,31,0.0000,67.1582,0,104,9746,14512,0.1651,0.5438,0.063549
42,S2,7,0.0000,59.8618,0,23,3724,6221,0.0634,0.8775,0.278448
42,S3,82,0.0000,72.6374,0,231,57024,78505,0.3781,0.5530,0.199406
