epoch,category,task_count,grid_accuracy,cell_accuracy,grid_correct,grid_total,cell_correct,cell_total,copy_rate,change_recall,transformation_quality
4,C1,31,0.0000,66.7792,0,104,9691,14512,0.1651,0.5450,0.061969
4,S2,7,0.0000,64.2823,0,23,3999,6221,0.0647,0.8701,0.296557
4,S3,82,0.0000,73.9724,0,231,58072,78505,0.3900,0.5271,0.203697
