epoch,category,task_count,grid_accuracy,cell_accuracy,grid_correct,grid_total,cell_correct,cell_total,copy_rate,change_recall,transformation_quality
38,C1,31,0.0000,66.8412,0,104,9700,14512,0.1640,0.5279,0.064078
38,S2,7,0.0000,64.9896,0,23,4043,6221,0.0617,0.8875,0.299342
38,S3,82,0.0000,74.2093,0,231,58258,78505,0.3655,0.5901,0.219764
