epoch,category,task_count,grid_accuracy,cell_accuracy,grid_correct,grid_total,cell_correct,cell_total,copy_rate,change_recall,transformation_quality
16,C1,31,0.0000,67.8680,0,104,9849,14512,0.1581,0.5919,0.070558
16,S2,7,0.0000,64.4912,0,23,4012,6221,0.0624,0.8798,0.298422
16,S3,82,0.0000,74.6424,0,231,58598,78505,0.3908,0.5402,0.209223
