epoch,category,task_count,grid_accuracy,cell_accuracy,grid_correct,grid_total,cell_correct,cell_total,copy_rate,change_recall,transformation_quality
90,C1,31,0.0000,66.9515,0,104,9716,14512,0.1648,0.5435,0.064619
90,S2,7,0.0000,65.5522,0,23,4078,6221,0.0593,0.8873,0.303850
90,S3,82,0.0000,74.6768,0,231,58625,78505,0.3786,0.5674,0.209723
