epoch,category,task_count,grid_accuracy,cell_accuracy,grid_correct,grid_total,cell_correct,cell_total,copy_rate,change_recall,transformation_quality
22,C1,31,0.0000,67.9782,0,104,9865,14512,0.1635,0.5499,0.068790
22,S2,7,0.0000,61.3567,0,23,3817,6221,0.0668,0.8599,0.284130
22,S3,82,0.0000,74.3711,0,231,58385,78505,0.3854,0.5416,0.211767
