epoch,category,task_count,grid_accuracy,cell_accuracy,grid_correct,grid_total,cell_correct,cell_total,copy_rate,change_recall,transformation_quality
93,C1,31,0.0000,67.4063,0,104,9782,14512,0.1631,0.5681,0.065508
93,S2,7,0.0000,64.4912,0,23,4012,6221,0.0606,0.8883,0.298275
93,S3,82,0.0000,74.3507,0,231,58369,78505,0.3822,0.5477,0.205545
