epoch,category,task_count,grid_accuracy,cell_accuracy,grid_correct,grid_total,cell_correct,cell_total,copy_rate,change_recall,transformation_quality
15,C1,31,0.0000,67.2340,0,104,9757,14512,0.1617,0.5543,0.066615
15,S2,7,0.0000,65.3110,0,23,4063,6221,0.0617,0.8704,0.302852
15,S3,82,0.0000,74.0169,0,231,58107,78505,0.3895,0.5232,0.204306
