epoch,category,task_count,grid_accuracy,cell_accuracy,grid_correct,grid_total,cell_correct,cell_total,copy_rate,change_recall,transformation_quality
84,C1,31,0.0000,67.2685,0,104,9762,14512,0.1644,0.5732,0.065834
84,S2,7,0.0000,63.6875,0,23,3962,6221,0.0613,0.8820,0.297598
84,S3,82,0.0000,73.9800,0,231,58078,78505,0.3783,0.5616,0.207182
