epoch,category,task_count,grid_accuracy,cell_accuracy,grid_correct,grid_total,cell_correct,cell_total,copy_rate,change_recall,transformation_quality
30,C1,31,0.0000,68.0747,0,104,9879,14512,0.1639,0.5453,0.067362
30,S2,7,0.0000,64.0251,0,23,3983,6221,0.0638,0.8748,0.296333
30,S3,82,0.0000,74.5761,0,231,58546,78505,0.3753,0.5715,0.220113
