epoch,category,task_count,grid_accuracy,cell_accuracy,grid_correct,grid_total,cell_correct,cell_total,copy_rate,change_recall,transformation_quality
73,C1,31,0.0000,66.5311,0,104,9655,14512,0.1640,0.5457,0.062566
73,S2,7,0.0000,66.7095,0,23,4150,6221,0.0621,0.8765,0.307616
73,S3,82,0.0000,74.2297,0,231,58274,78505,0.3742,0.5696,0.211155
