epoch,category,task_count,grid_accuracy,cell_accuracy,grid_correct,grid_total,cell_correct,cell_total,copy_rate,change_recall,transformation_quality
7,C1,31,0.0000,67.4752,0,104,9792,14512,0.1620,0.5457,0.065368
7,S2,7,0.0000,64.9574,0,23,4041,6221,0.0627,0.8692,0.299284
7,S3,82,0.0000,74.3125,0,231,58339,78505,0.3797,0.5654,0.211873
