epoch,category,task_count,grid_accuracy,cell_accuracy,grid_correct,grid_total,cell_correct,cell_total,copy_rate,change_recall,transformation_quality
34,C1,31,0.0000,67.1513,0,104,9745,14512,0.1642,0.5571,0.064471
34,S2,7,0.0000,63.1570,0,23,3929,6221,0.0648,0.8765,0.291009
34,S3,82,0.0000,74.6615,0,231,58613,78505,0.3768,0.5559,0.213594
