epoch,category,task_count,grid_accuracy,cell_accuracy,grid_correct,grid_total,cell_correct,cell_total,copy_rate,change_recall,transformation_quality
49,C1,31,0.0000,67.1513,0,104,9745,14512,0.1654,0.5414,0.063752
49,S2,7,0.0000,65.6808,0,23,4086,6221,0.0673,0.8755,0.305390
49,S3,82,0.0000,74.2208,0,231,58267,78505,0.3777,0.5577,0.210636
