epoch,category,task_count,grid_accuracy,cell_accuracy,grid_correct,grid_total,cell_correct,cell_total,copy_rate,change_recall,transformation_quality
23,C1,31,0.0000,67.9782,0,104,9865,14512,0.1615,0.5663,0.069789
23,S2,7,0.0000,61.4853,0,23,3825,6221,0.0667,0.8576,0.283879
23,S3,82,0.0000,74.3086,0,231,58336,78505,0.3869,0.5372,0.209449
