epoch,category,task_count,grid_accuracy,cell_accuracy,grid_correct,grid_total,cell_correct,cell_total,copy_rate,change_recall,transformation_quality
77,C1,31,0.0000,82.2492,0,104,11936,14512,0.1709,0.5855,0.098545
77,S2,7,0.0000,71.0014,0,23,4417,6221,0.0692,0.8643,0.326405
77,S3,82,0.0000,89.1434,0,231,69982,78505,0.4127,0.6397,0.298688
