epoch,category,task_count,grid_accuracy,cell_accuracy,grid_correct,grid_total,cell_correct,cell_total,copy_rate,change_recall,transformation_quality
64,C1,31,0.0000,83.0554,0,104,12053,14512,0.1708,0.5910,0.100520
64,S2,7,0.0000,71.1140,0,23,4424,6221,0.0676,0.8685,0.326433
64,S3,82,0.0000,89.4835,0,231,70249,78505,0.4127,0.6374,0.301233
