epoch,category,task_count,grid_accuracy,cell_accuracy,grid_correct,grid_total,cell_correct,cell_total,copy_rate,change_recall,transformation_quality
36,C1,31,0.0000,83.5102,0,104,12119,14512,0.1661,0.6455,0.106246
36,S2,7,0.0000,72.4482,0,23,4507,6221,0.0654,0.8787,0.335689
36,S3,82,0.0000,89.9166,0,231,70589,78505,0.4036,0.6636,0.316277
