epoch,category,task_count,grid_accuracy,cell_accuracy,grid_correct,grid_total,cell_correct,cell_total,copy_rate,change_recall,transformation_quality
76,C1,31,0.9615,82.3181,1,104,11946,14512,0.1706,0.5929,0.098907
76,S2,7,0.0000,70.8086,0,23,4405,6221,0.0687,0.8663,0.325225
76,S3,82,0.0000,89.0695,0,231,69924,78505,0.4115,0.6413,0.299837
