epoch,category,task_count,grid_accuracy,cell_accuracy,grid_correct,grid_total,cell_correct,cell_total,copy_rate,change_recall,transformation_quality
73,C1,31,0.0000,82.4559,0,104,11966,14512,0.1694,0.6022,0.101037
73,S2,7,0.0000,71.3712,0,23,4440,6221,0.0686,0.8719,0.328435
73,S3,82,0.0000,88.9969,0,231,69867,78505,0.4101,0.6395,0.298447
