epoch,category,task_count,grid_accuracy,cell_accuracy,grid_correct,grid_total,cell_correct,cell_total,copy_rate,change_recall,transformation_quality
95,C1,31,0.0000,82.2354,0,104,11934,14512,0.1703,0.5938,0.098953
95,S2,7,0.0000,70.5192,0,23,4387,6221,0.0678,0.8633,0.323650
95,S3,82,0.0000,88.8440,0,231,69747,78505,0.4107,0.6331,0.293874
