epoch,category,task_count,grid_accuracy,cell_accuracy,grid_correct,grid_total,cell_correct,cell_total,copy_rate,change_recall,transformation_quality
8,C1,31,0.9615,86.3079,1,104,12525,14512,0.1674,0.6523,0.116028
8,S2,7,0.0000,76.9169,0,23,4785,6221,0.0665,0.8843,0.355487
8,S3,82,0.0000,91.4337,0,231,71780,78505,0.4205,0.6613,0.325223
