epoch,category,task_count,grid_accuracy,cell_accuracy,grid_correct,grid_total,cell_correct,cell_total,copy_rate,change_recall,transformation_quality
9,C1,31,0.9615,86.3148,1,104,12526,14512,0.1719,0.6190,0.111707
9,S2,7,0.0000,77.5760,0,23,4826,6221,0.0672,0.8837,0.358234
9,S3,82,0.0000,91.5623,0,231,71881,78505,0.4157,0.6630,0.328343
