epoch,category,task_count,grid_accuracy,cell_accuracy,grid_correct,grid_total,cell_correct,cell_total,copy_rate,change_recall,transformation_quality
93,C1,31,0.0000,81.9391,0,104,11891,14512,0.1700,0.5958,0.098857
93,S2,7,0.0000,70.4549,0,23,4383,6221,0.0671,0.8609,0.322498
93,S3,82,0.0000,88.6975,0,231,69632,78505,0.4055,0.6445,0.297968
