epoch,category,task_count,grid_accuracy,cell_accuracy,grid_correct,grid_total,cell_correct,cell_total,copy_rate,change_recall,transformation_quality
30,C1,31,0.0000,84.1235,0,104,12208,14512,0.1708,0.6131,0.105046
30,S2,7,0.0000,74.3771,0,23,4627,6221,0.0633,0.8813,0.344952
30,S3,82,0.0000,90.3815,0,231,70954,78505,0.4112,0.6608,0.317198
