epoch,category,task_count,grid_accuracy,cell_accuracy,grid_correct,grid_total,cell_correct,cell_total,copy_rate,change_recall,transformation_quality
58,C1,31,0.0000,83.0554,0,104,12053,14512,0.1708,0.5984,0.100671
58,S2,7,0.0000,71.4837,0,23,4447,6221,0.0659,0.8742,0.329792
58,S3,82,0.0000,89.5777,0,231,70323,78505,0.4116,0.6395,0.304074
