epoch,category,task_count,grid_accuracy,cell_accuracy,grid_correct,grid_total,cell_correct,cell_total,copy_rate,change_recall,transformation_quality
7,C1,31,0.9615,86.3699,1,104,12534,14512,0.1712,0.6241,0.112367
7,S2,7,0.0000,77.1098,0,23,4797,6221,0.0730,0.8537,0.350476
7,S3,82,0.0000,91.2171,0,231,71610,78505,0.4134,0.6581,0.327471
