epoch,category,task_count,grid_accuracy,cell_accuracy,grid_correct,grid_total,cell_correct,cell_total,copy_rate,change_recall,transformation_quality
89,C1,31,0.9615,82.2285,1,104,11933,14512,0.1704,0.5881,0.098420
89,S2,7,0.0000,70.7925,0,23,4404,6221,0.0705,0.8617,0.324353
89,S3,82,0.0000,88.9166,0,231,69804,78505,0.4098,0.6352,0.298055
