epoch,category,task_count,grid_accuracy,cell_accuracy,grid_correct,grid_total,cell_correct,cell_total,copy_rate,change_recall,transformation_quality
44,C1,31,0.9615,84.0201,1,104,12193,14512,0.1697,0.6308,0.105654
44,S2,7,0.0000,73.2037,0,23,4554,6221,0.0658,0.8733,0.337957
44,S3,82,0.0000,90.1790,0,231,70795,78505,0.4154,0.6491,0.311687
