epoch,category,task_count,grid_accuracy,cell_accuracy,grid_correct,grid_total,cell_correct,cell_total,copy_rate,change_recall,transformation_quality
35,C1,31,0.0000,83.9236,0,104,12179,14512,0.1701,0.6190,0.104324
35,S2,7,0.0000,73.4769,0,23,4571,6221,0.0647,0.8829,0.340200
35,S3,82,0.0000,90.3242,0,231,70909,78505,0.4120,0.6556,0.316110
