epoch,category,task_count,grid_accuracy,cell_accuracy,grid_correct,grid_total,cell_correct,cell_total,copy_rate,change_recall,transformation_quality
55,C1,31,0.0000,83.3862,0,104,12101,14512,0.1711,0.5983,0.101806
55,S2,7,0.0000,71.5319,0,23,4450,6221,0.0703,0.8632,0.326695
55,S3,82,0.0000,89.7803,0,231,70482,78505,0.4148,0.6376,0.306739
