epoch,category,task_count,grid_accuracy,cell_accuracy,grid_correct,grid_total,cell_correct,cell_total,copy_rate,change_recall,transformation_quality
33,C1,31,0.0000,84.1924,0,104,12218,14512,0.1694,0.6269,0.105578
33,S2,7,0.0000,73.5412,0,23,4575,6221,0.0642,0.8812,0.340971
33,S3,82,0.0000,90.3509,0,231,70930,78505,0.4147,0.6470,0.313669
