epoch,category,task_count,grid_accuracy,cell_accuracy,grid_correct,grid_total,cell_correct,cell_total,copy_rate,change_recall,transformation_quality
60,C1,31,0.0000,83.5309,0,104,12122,14512,0.1712,0.6136,0.102653
60,S2,7,0.0000,70.8889,0,23,4410,6221,0.0664,0.8690,0.326985
60,S3,82,0.0000,89.4516,0,231,70224,78505,0.4043,0.6493,0.306128
