epoch,category,task_count,grid_accuracy,cell_accuracy,grid_correct,grid_total,cell_correct,cell_total,copy_rate,change_recall,transformation_quality
24,C1,31,0.9615,84.8126,1,104,12308,14512,0.1712,0.6145,0.106528
24,S2,7,0.0000,74.6825,0,23,4646,6221,0.0649,0.8815,0.346445
24,S3,82,0.0000,90.6082,0,231,71132,78505,0.4075,0.6650,0.322316
