epoch,category,task_count,grid_accuracy,cell_accuracy,grid_correct,grid_total,cell_correct,cell_total,copy_rate,change_recall,transformation_quality
43,C1,31,0.9615,83.5722,1,104,12128,14512,0.1712,0.6079,0.101864
43,S2,7,0.0000,71.9338,0,23,4475,6221,0.0689,0.8667,0.327996
43,S3,82,0.0000,89.8873,0,231,70566,78505,0.4247,0.6192,0.299574
