epoch,category,task_count,grid_accuracy,cell_accuracy,grid_correct,grid_total,cell_correct,cell_total,copy_rate,change_recall,transformation_quality
13,C1,31,0.9615,86.2941,1,104,12523,14512,0.1681,0.6508,0.115193
13,S2,7,0.0000,75.8399,0,23,4718,6221,0.0645,0.8897,0.353176
13,S3,82,0.0000,91.2553,0,231,71640,78505,0.4111,0.6723,0.330469
