epoch,category,task_count,grid_accuracy,cell_accuracy,grid_correct,grid_total,cell_correct,cell_total,copy_rate,change_recall,transformation_quality
14,C1,31,0.9615,85.9771,1,104,12477,14512,0.1688,0.6322,0.113602
14,S2,7,0.0000,76.7561,0,23,4775,6221,0.0681,0.8795,0.353383
14,S3,82,0.0000,91.2668,0,231,71649,78505,0.4092,0.6743,0.331772
