epoch,category,task_count,grid_accuracy,cell_accuracy,grid_correct,grid_total,cell_correct,cell_total,copy_rate,change_recall,transformation_quality
39,C1,31,0.0000,83.6687,0,104,12142,14512,0.1701,0.6108,0.103584
39,S2,7,0.0000,72.4321,0,23,4506,6221,0.0671,0.8760,0.335249
39,S3,82,0.0000,90.1178,0,231,70747,78505,0.4134,0.6420,0.308900
