epoch,category,task_count,grid_accuracy,cell_accuracy,grid_correct,grid_total,cell_correct,cell_total,copy_rate,change_recall,transformation_quality
92,C1,31,0.0000,81.9253,0,104,11889,14512,0.1691,0.6111,0.099894
92,S2,7,0.0000,70.3424,0,23,4376,6221,0.0685,0.8599,0.322403
92,S3,82,0.0000,88.8300,0,231,69736,78505,0.4063,0.6453,0.299942
