epoch,category,task_count,grid_accuracy,cell_accuracy,grid_correct,grid_total,cell_correct,cell_total,copy_rate,change_recall,transformation_quality
41,C1,31,0.9615,83.6205,1,104,12135,14512,0.1701,0.6166,0.103535
41,S2,7,0.0000,72.5285,0,23,4512,6221,0.0661,0.8730,0.334623
41,S3,82,0.0000,90.0580,0,231,70700,78505,0.4124,0.6493,0.311200
