epoch,category,task_count,grid_accuracy,cell_accuracy,grid_correct,grid_total,cell_correct,cell_total,copy_rate,change_recall,transformation_quality
54,C1,31,0.0000,83.1174,0,104,12062,14512,0.1741,0.5822,0.098219
54,S2,7,0.0000,72.1588,0,23,4489,6221,0.0664,0.8676,0.332957
54,S3,82,0.0000,89.5523,0,231,70303,78505,0.4230,0.6101,0.296287
