epoch,category,task_count,grid_accuracy,cell_accuracy,grid_correct,grid_total,cell_correct,cell_total,copy_rate,change_recall,transformation_quality
84,C1,31,0.0000,82.0769,0,104,11911,14512,0.1703,0.5986,0.098774
84,S2,7,0.0000,70.1013,0,23,4361,6221,0.0720,0.8621,0.317785
84,S3,82,0.0000,88.8351,0,231,69740,78505,0.4086,0.6386,0.295062
