epoch,category,task_count,grid_accuracy,cell_accuracy,grid_correct,grid_total,cell_correct,cell_total,copy_rate,change_recall,transformation_quality
46,C1,31,0.0000,83.4551,0,104,12111,14512,0.1706,0.6175,0.102301
46,S2,7,0.0000,71.7891,0,23,4466,6221,0.0661,0.8733,0.330873
46,S3,82,0.0000,89.8911,0,231,70569,78505,0.4109,0.6524,0.310349
