epoch,category,task_count,grid_accuracy,cell_accuracy,grid_correct,grid_total,cell_correct,cell_total,copy_rate,change_recall,transformation_quality
53,C1,31,0.0000,82.9314,0,104,12035,14512,0.1707,0.5967,0.100679
53,S2,7,0.0000,71.9981,0,23,4479,6221,0.0665,0.8778,0.333141
53,S3,82,0.0000,89.6847,0,231,70407,78505,0.4091,0.6475,0.308295
