epoch,category,task_count,grid_accuracy,cell_accuracy,grid_correct,grid_total,cell_correct,cell_total,copy_rate,change_recall,transformation_quality
47,C1,31,0.0000,83.3379,0,104,12094,14512,0.1705,0.6149,0.102069
47,S2,7,0.0000,72.3356,0,23,4500,6221,0.0669,0.8716,0.333642
47,S3,82,0.0000,89.9433,0,231,70610,78505,0.4097,0.6537,0.311810
