epoch,category,task_count,grid_accuracy,cell_accuracy,grid_correct,grid_total,cell_correct,cell_total,copy_rate,change_recall,transformation_quality
1,C1,31,0.9615,86.9418,1,104,12617,14512,0.1717,0.6232,0.113861
1,S2,7,0.0000,78.0743,0,23,4857,6221,0.0673,0.8717,0.360212
1,S3,82,0.0000,91.7457,0,231,72025,78505,0.4253,0.6528,0.326557
