epoch,category,task_count,grid_accuracy,cell_accuracy,grid_correct,grid_total,cell_correct,cell_total,copy_rate,change_recall,transformation_quality
11,C1,31,0.9615,86.3354,1,104,12529,14512,0.1695,0.6427,0.114338
11,S2,7,0.0000,77.1098,0,23,4797,6221,0.0672,0.8827,0.355916
11,S3,82,0.0000,91.4833,0,231,71819,78505,0.4158,0.6646,0.328035
