epoch,category,task_count,grid_accuracy,cell_accuracy,grid_correct,grid_total,cell_correct,cell_total,copy_rate,change_recall,transformation_quality
99,C1,31,0.0000,66.6207,0,104,9668,14512,0.1631,0.5504,0.063623
99,S2,7,0.0000,64.8931,0,23,4037,6221,0.0603,0.8913,0.302730
99,S3,82,0.0000,73.8692,0,231,57991,78505,0.3713,0.5681,0.203621
