epoch,category,task_count,grid_accuracy,cell_accuracy,grid_correct,grid_total,cell_correct,cell_total,copy_rate,change_recall,transformation_quality
57,C1,31,0.0000,66.8619,0,104,9703,14512,0.1622,0.5544,0.065326
57,S2,7,0.0000,63.0767,0,23,3924,6221,0.0608,0.8863,0.294272
57,S3,82,0.0000,74.1838,0,231,58238,78505,0.3722,0.5643,0.213385
