epoch,category,task_count,grid_accuracy,cell_accuracy,grid_correct,grid_total,cell_correct,cell_total,copy_rate,change_recall,transformation_quality
90,C1,31,0.0000,66.5794,0,104,9662,14512,0.1627,0.5546,0.062702
90,S2,7,0.0000,62.7552,0,23,3904,6221,0.0609,0.8748,0.291119
90,S3,82,0.0000,74.0564,0,231,58138,78505,0.3780,0.5601,0.206609
