epoch,category,task_count,grid_accuracy,cell_accuracy,grid_correct,grid_total,cell_correct,cell_total,copy_rate,change_recall,transformation_quality
54,C1,31,0.0000,67.0755,0,104,9734,14512,0.1589,0.5692,0.068087
54,S2,7,0.0000,64.3466,0,23,4003,6221,0.0587,0.8871,0.297857
54,S3,82,0.0000,73.7940,0,231,57932,78505,0.3737,0.5630,0.209906
