epoch,category,task_count,grid_accuracy,cell_accuracy,grid_correct,grid_total,cell_correct,cell_total,copy_rate,change_recall,transformation_quality
2,C1,31,0.0000,68.8809,0,104,9996,14512,0.1579,0.5984,0.074284
2,S2,7,0.0000,64.2501,0,23,3997,6221,0.0647,0.8788,0.297528
2,S3,82,0.0000,74.5341,0,231,58513,78505,0.3644,0.5928,0.223128
