epoch,category,task_count,grid_accuracy,cell_accuracy,grid_correct,grid_total,cell_correct,cell_total,copy_rate,change_recall,transformation_quality
50,C1,31,0.0000,67.3374,0,104,9772,14512,0.1642,0.5350,0.066312
50,S2,7,0.0000,65.3271,0,23,4064,6221,0.0599,0.8783,0.302748
50,S3,82,0.0000,74.5367,0,231,58515,78505,0.3746,0.5806,0.214731
