epoch,category,task_count,grid_accuracy,cell_accuracy,grid_correct,grid_total,cell_correct,cell_total,copy_rate,change_recall,transformation_quality
91,C1,31,0.0000,66.7103,0,104,9681,14512,0.1605,0.5605,0.064827
91,S2,7,0.0000,63.3017,0,23,3938,6221,0.0640,0.8749,0.291822
91,S3,82,0.0000,74.2424,0,231,58284,78505,0.3731,0.5684,0.209386
