epoch,category,task_count,grid_accuracy,cell_accuracy,grid_correct,grid_total,cell_correct,cell_total,copy_rate,change_recall,transformation_quality
5,C1,31,0.0000,66.9446,0,104,9715,14512,0.1576,0.5586,0.067826
5,S2,7,0.0000,64.9735,0,23,4042,6221,0.0581,0.8893,0.302615
5,S3,82,0.0000,74.6589,0,231,58611,78505,0.3725,0.5598,0.218749
