epoch,category,task_count,grid_accuracy,cell_accuracy,grid_correct,grid_total,cell_correct,cell_total,copy_rate,change_recall,transformation_quality
10,C1,31,0.0000,68.0471,0,104,9875,14512,0.1604,0.5522,0.070484
10,S2,7,0.0000,64.0733,0,23,3986,6221,0.0591,0.8762,0.295585
10,S3,82,0.0000,74.9277,0,231,58822,78505,0.3888,0.5476,0.211776
