epoch,category,task_count,grid_accuracy,cell_accuracy,grid_correct,grid_total,cell_correct,cell_total,copy_rate,change_recall,transformation_quality
0,C1,31,0.0000,65.0014,0,104,9433,14512,0.1656,0.4945,0.055988
0,S2,7,0.0000,55.9074,0,23,3478,6221,0.0591,0.8930,0.261694
0,S3,82,0.0000,70.6758,0,231,55484,78505,0.3702,0.5423,0.190260
