epoch,category,task_count,grid_accuracy,cell_accuracy,grid_correct,grid_total,cell_correct,cell_total,copy_rate,change_recall,transformation_quality
44,C1,31,0.0000,66.7930,0,104,9693,14512,0.1617,0.5512,0.066962
44,S2,7,0.0000,63.2696,0,23,3936,6221,0.0612,0.8741,0.294773
44,S3,82,0.0000,74.0934,0,231,58167,78505,0.3849,0.5622,0.205010
