epoch,category,task_count,grid_accuracy,cell_accuracy,grid_correct,grid_total,cell_correct,cell_total,copy_rate,change_recall,transformation_quality
4,C1,31,0.0000,67.0480,0,104,9730,14512,0.1592,0.5642,0.069122
4,S2,7,0.0000,63.8483,0,23,3972,6221,0.0573,0.8929,0.298331
4,S3,82,0.0000,74.4016,0,231,58409,78505,0.3722,0.5603,0.215878
