epoch,category,task_count,grid_accuracy,cell_accuracy,grid_correct,grid_total,cell_correct,cell_total,copy_rate,change_recall,transformation_quality
53,C1,31,0.0000,66.9791,0,104,9720,14512,0.1607,0.5602,0.068348
53,S2,7,0.0000,64.5555,0,23,4016,6221,0.0612,0.8829,0.299164
53,S3,82,0.0000,74.3558,0,231,58373,78505,0.3793,0.5551,0.210536
