epoch,category,task_count,grid_accuracy,cell_accuracy,grid_correct,grid_total,cell_correct,cell_total,copy_rate,change_recall,transformation_quality
85,C1,31,0.0000,66.4691,0,104,9646,14512,0.1613,0.5631,0.065769
85,S2,7,0.0000,65.6808,0,23,4086,6221,0.0608,0.8808,0.304185
85,S3,82,0.0000,74.8500,0,231,58761,78505,0.3703,0.5760,0.213239
