epoch,category,task_count,grid_accuracy,cell_accuracy,grid_correct,grid_total,cell_correct,cell_total,copy_rate,change_recall,transformation_quality
16,C1,31,0.0000,66.5656,0,104,9660,14512,0.1593,0.5372,0.065546
16,S2,7,0.0000,61.9193,0,23,3852,6221,0.0634,0.8675,0.286907
16,S3,82,0.0000,74.4335,0,231,58434,78505,0.3974,0.5369,0.200936
