epoch,category,task_count,grid_accuracy,cell_accuracy,grid_correct,grid_total,cell_correct,cell_total,copy_rate,change_recall,transformation_quality
24,C1,31,0.0000,68.0265,0,104,9872,14512,0.1590,0.5836,0.070134
24,S2,7,0.0000,63.9769,0,23,3980,6221,0.0599,0.8823,0.296352
24,S3,82,0.0000,73.3839,0,231,57610,78505,0.3627,0.5890,0.218566
