epoch,category,task_count,grid_accuracy,cell_accuracy,grid_correct,grid_total,cell_correct,cell_total,copy_rate,change_recall,transformation_quality
84,C1,31,0.0000,67.7302,0,104,9829,14512,0.1645,0.5569,0.066608
84,S2,7,0.0000,65.6647,0,23,4085,6221,0.0609,0.8765,0.304093
84,S3,82,0.0000,74.4921,0,231,58480,78505,0.3723,0.5779,0.213073
