epoch,category,task_count,grid_accuracy,cell_accuracy,grid_correct,grid_total,cell_correct,cell_total,copy_rate,change_recall,transformation_quality
52,C1,31,0.0000,67.3236,0,104,9770,14512,0.1608,0.5600,0.068959
52,S2,7,0.0000,63.9286,0,23,3977,6221,0.0617,0.8812,0.295440
52,S3,82,0.0000,74.4411,0,231,58440,78505,0.3817,0.5523,0.207828
