epoch,category,task_count,grid_accuracy,cell_accuracy,grid_correct,grid_total,cell_correct,cell_total,copy_rate,change_recall,transformation_quality
55,C1,31,0.0000,67.0549,0,104,9731,14512,0.1616,0.5530,0.065768
55,S2,7,0.0000,64.1697,0,23,3992,6221,0.0614,0.8839,0.296773
55,S3,82,0.0000,72.9215,0,231,57247,78505,0.3753,0.5445,0.200562
