epoch,category,task_count,grid_accuracy,cell_accuracy,grid_correct,grid_total,cell_correct,cell_total,copy_rate,change_recall,transformation_quality
29,C1,31,0.0000,67.1375,0,104,9743,14512,0.1608,0.5446,0.067377
29,S2,7,0.0000,64.5395,0,23,4015,6221,0.0603,0.8823,0.298966
29,S3,82,0.0000,74.1316,0,231,58197,78505,0.3758,0.5698,0.212976
