epoch,category,task_count,grid_accuracy,cell_accuracy,grid_correct,grid_total,cell_correct,cell_total,copy_rate,change_recall,transformation_quality
30,C1,31,0.0000,66.4071,0,104,9637,14512,0.1553,0.5720,0.068800
30,S2,7,0.0000,63.8322,0,23,3971,6221,0.0603,0.8793,0.295312
30,S3,82,0.0000,73.5889,0,231,57771,78505,0.3749,0.5623,0.209910
