epoch,category,task_count,grid_accuracy,cell_accuracy,grid_correct,grid_total,cell_correct,cell_total,copy_rate,change_recall,transformation_quality
59,C1,31,0.0000,66.7379,0,104,9685,14512,0.1593,0.5682,0.067508
59,S2,7,0.0000,63.9126,0,23,3976,6221,0.0601,0.8911,0.298663
59,S3,82,0.0000,74.0997,0,231,58172,78505,0.3763,0.5612,0.208843
