epoch,category,task_count,grid_accuracy,cell_accuracy,grid_correct,grid_total,cell_correct,cell_total,copy_rate,change_recall,transformation_quality
39,C1,31,0.0000,67.6406,0,104,9816,14512,0.1636,0.5415,0.067256
39,S2,7,0.0000,65.3271,0,23,4064,6221,0.0590,0.8863,0.303910
39,S3,82,0.0000,74.6755,0,231,58624,78505,0.3755,0.5679,0.216239
