epoch,category,task_count,grid_accuracy,cell_accuracy,grid_correct,grid_total,cell_correct,cell_total,copy_rate,change_recall,transformation_quality
13,C1,31,0.0000,66.0970,0,104,9592,14512,0.1491,0.5990,0.070520
13,S2,7,0.0000,63.0767,0,23,3924,6221,0.0578,0.8877,0.293441
13,S3,82,0.0000,73.3698,0,231,57599,78505,0.3764,0.5679,0.205003
