epoch,category,task_count,grid_accuracy,cell_accuracy,grid_correct,grid_total,cell_correct,cell_total,copy_rate,change_recall,transformation_quality
98,C1,31,0.0000,66.9170,0,104,9711,14512,0.1647,0.5381,0.063377
98,S2,7,0.0000,65.7290,0,23,4089,6221,0.0603,0.8927,0.307586
98,S3,82,0.0000,73.8233,0,231,57955,78505,0.3749,0.5594,0.201893
