epoch,category,task_count,grid_accuracy,cell_accuracy,grid_correct,grid_total,cell_correct,cell_total,copy_rate,change_recall,transformation_quality
63,C1,31,0.0000,66.4140,0,104,9638,14512,0.1604,0.5596,0.067058
63,S2,7,0.0000,64.4109,0,23,4007,6221,0.0616,0.8770,0.299313
63,S3,82,0.0000,74.4781,0,231,58469,78505,0.3757,0.5701,0.213788
