epoch,category,task_count,grid_accuracy,cell_accuracy,grid_correct,grid_total,cell_correct,cell_total,copy_rate,change_recall,transformation_quality
93,C1,31,0.0000,82.3043,0,104,11944,14512,0.1697,0.6075,0.100341
93,S2,7,0.0000,70.4710,0,23,4384,6221,0.0722,0.8461,0.317751
93,S3,82,0.0000,88.8924,0,231,69785,78505,0.4249,0.6105,0.288480
