epoch,category,task_count,grid_accuracy,cell_accuracy,grid_correct,grid_total,cell_correct,cell_total,copy_rate,change_recall,transformation_quality
89,C1,31,0.0000,82.2492,0,104,11936,14512,0.1706,0.6080,0.099484
89,S2,7,0.0000,70.5353,0,23,4388,6221,0.0708,0.8544,0.321451
89,S3,82,0.0000,88.8084,0,231,69719,78505,0.4194,0.6172,0.290648
