epoch,category,task_count,grid_accuracy,cell_accuracy,grid_correct,grid_total,cell_correct,cell_total,copy_rate,change_recall,transformation_quality
79,C1,31,0.0000,81.8702,0,104,11881,14512,0.1707,0.6034,0.098322
79,S2,7,0.0000,71.1943,0,23,4429,6221,0.0709,0.8554,0.324050
79,S3,82,0.0000,88.7791,0,231,69696,78505,0.4292,0.5982,0.284758
