epoch,category,task_count,grid_accuracy,cell_accuracy,grid_correct,grid_total,cell_correct,cell_total,copy_rate,change_recall,transformation_quality
92,C1,31,0.0000,82.3939,0,104,11957,14512,0.1718,0.5938,0.098314
92,S2,7,0.0000,70.5353,0,23,4388,6221,0.0707,0.8551,0.318704
92,S3,82,0.0000,88.6631,0,231,69605,78505,0.4250,0.6070,0.284479
