epoch,category,task_count,grid_accuracy,cell_accuracy,grid_correct,grid_total,cell_correct,cell_total,copy_rate,change_recall,transformation_quality
6,C1,31,0.9615,86.5284,1,104,12557,14512,0.1704,0.6342,0.113586
6,S2,7,0.0000,77.3831,0,23,4814,6221,0.0734,0.8521,0.351267
6,S3,82,0.0000,91.3037,0,231,71678,78505,0.4136,0.6586,0.325930
