epoch,category,task_count,grid_accuracy,cell_accuracy,grid_correct,grid_total,cell_correct,cell_total,copy_rate,change_recall,transformation_quality
97,C1,31,0.0000,81.7737,0,104,11867,14512,0.1680,0.6091,0.099725
97,S2,7,0.0000,71.2908,0,23,4435,6221,0.0704,0.8626,0.325247
97,S3,82,0.0000,88.4415,0,231,69431,78505,0.4194,0.6295,0.287606
