epoch,category,task_count,grid_accuracy,cell_accuracy,grid_correct,grid_total,cell_correct,cell_total,copy_rate,change_recall,transformation_quality
90,C1,31,0.9615,81.7530,1,104,11864,14512,0.1709,0.5904,0.097172
90,S2,7,0.0000,69.7155,0,23,4337,6221,0.0731,0.8436,0.315113
90,S3,82,0.0000,88.5702,0,231,69532,78505,0.4301,0.5970,0.281797
