epoch,category,task_count,grid_accuracy,cell_accuracy,grid_correct,grid_total,cell_correct,cell_total,copy_rate,change_recall,transformation_quality
83,C1,31,0.0000,82.3870,0,104,11956,14512,0.1709,0.6090,0.099774
83,S2,7,0.0000,71.0818,0,23,4422,6221,0.0685,0.8573,0.323059
83,S3,82,0.0000,88.9128,0,231,69801,78505,0.4247,0.6102,0.287247
