epoch,category,task_count,grid_accuracy,cell_accuracy,grid_correct,grid_total,cell_correct,cell_total,copy_rate,change_recall,transformation_quality
5,C1,31,0.9615,86.7627,1,104,12591,14512,0.1697,0.6442,0.115354
5,S2,7,0.0000,77.8331,0,23,4842,6221,0.0709,0.8557,0.355521
5,S3,82,0.0000,91.7878,0,231,72058,78505,0.4143,0.6695,0.333999
