epoch,category,task_count,grid_accuracy,cell_accuracy,grid_correct,grid_total,cell_correct,cell_total,copy_rate,change_recall,transformation_quality
26,C1,31,0.9615,85.4190,1,104,12396,14512,0.1692,0.6225,0.110949
26,S2,7,0.0000,75.6631,0,23,4707,6221,0.0678,0.8689,0.348735
26,S3,82,0.0000,90.6414,0,231,71158,78505,0.4175,0.6469,0.318434
