epoch,category,task_count,grid_accuracy,cell_accuracy,grid_correct,grid_total,cell_correct,cell_total,copy_rate,change_recall,transformation_quality
62,C1,31,0.0000,82.6626,0,104,11996,14512,0.1696,0.6191,0.102149
62,S2,7,0.0000,72.7214,0,23,4524,6221,0.0676,0.8711,0.333172
62,S3,82,0.0000,89.3204,0,231,70121,78505,0.4142,0.6345,0.299651
