epoch,category,task_count,grid_accuracy,cell_accuracy,grid_correct,grid_total,cell_correct,cell_total,copy_rate,change_recall,transformation_quality
35,C1,31,0.9615,83.9926,1,104,12189,14512,0.1675,0.6269,0.108231
35,S2,7,0.0000,73.7341,0,23,4587,6221,0.0696,0.8641,0.336793
35,S3,82,0.0000,90.1293,0,231,70756,78505,0.4121,0.6494,0.312272
