epoch,category,task_count,grid_accuracy,cell_accuracy,grid_correct,grid_total,cell_correct,cell_total,copy_rate,change_recall,transformation_quality
13,C1,31,0.9615,85.9771,1,104,12477,14512,0.1698,0.6220,0.112271
13,S2,7,0.0000,77.4313,0,23,4817,6221,0.0658,0.8856,0.358231
13,S3,82,0.0000,91.0974,0,231,71516,78505,0.4113,0.6699,0.327961
