epoch,category,task_count,grid_accuracy,cell_accuracy,grid_correct,grid_total,cell_correct,cell_total,copy_rate,change_recall,transformation_quality
4,C1,31,0.9615,86.7489,1,104,12589,14512,0.1698,0.6448,0.115469
4,S2,7,0.0000,77.7367,0,23,4836,6221,0.0710,0.8517,0.354426
4,S3,82,0.0000,91.7725,0,231,72046,78505,0.4168,0.6614,0.331121
