epoch,category,task_count,grid_accuracy,cell_accuracy,grid_correct,grid_total,cell_correct,cell_total,copy_rate,change_recall,transformation_quality
10,C1,31,0.9615,86.4870,1,104,12551,14512,0.1705,0.6259,0.114116
10,S2,7,0.0000,77.2545,0,23,4806,6221,0.0658,0.8826,0.357316
10,S3,82,0.0000,91.5610,0,231,71880,78505,0.4147,0.6592,0.327186
