epoch,category,task_count,grid_accuracy,cell_accuracy,grid_correct,grid_total,cell_correct,cell_total,copy_rate,change_recall,transformation_quality
98,C1,31,0.0000,81.8840,0,104,11883,14512,0.1716,0.5925,0.096665
98,S2,7,0.0000,70.7603,0,23,4402,6221,0.0684,0.8673,0.322195
98,S3,82,0.0000,88.4823,0,231,69463,78505,0.4241,0.6107,0.283245
