epoch,category,task_count,grid_accuracy,cell_accuracy,grid_correct,grid_total,cell_correct,cell_total,copy_rate,change_recall,transformation_quality
66,C1,31,0.0000,83.5447,0,104,12124,14512,0.1696,0.6126,0.103610
66,S2,7,0.0000,71.3551,0,23,4439,6221,0.0694,0.8653,0.324827
66,S3,82,0.0000,89.3319,0,231,70130,78505,0.4184,0.6326,0.298869
