epoch,category,task_count,grid_accuracy,cell_accuracy,grid_correct,grid_total,cell_correct,cell_total,copy_rate,change_recall,transformation_quality
0,C1,31,0.9615,86.6524,1,104,12575,14512,0.1705,0.6290,0.114426
0,S2,7,0.0000,77.6403,0,23,4830,6221,0.0740,0.8509,0.351026
0,S3,82,0.0000,91.4337,0,231,71780,78505,0.4370,0.6356,0.314415
