epoch,category,task_count,grid_accuracy,cell_accuracy,grid_correct,grid_total,cell_correct,cell_total,copy_rate,change_recall,transformation_quality
70,C1,31,0.9615,82.7384,1,104,12007,14512,0.1709,0.6033,0.100434
70,S2,7,0.0000,71.4837,0,23,4447,6221,0.0684,0.8658,0.326047
70,S3,82,0.0000,89.1816,0,231,70012,78505,0.4170,0.6325,0.296623
