epoch,category,task_count,grid_accuracy,cell_accuracy,grid_correct,grid_total,cell_correct,cell_total,copy_rate,change_recall,transformation_quality
23,C1,31,0.9615,85.2329,1,104,12369,14512,0.1679,0.6417,0.111881
23,S2,7,0.0000,76.0006,0,23,4728,6221,0.0656,0.8854,0.350741
23,S3,82,0.0000,90.8299,0,231,71306,78505,0.4120,0.6571,0.320211
