epoch,category,task_count,grid_accuracy,cell_accuracy,grid_correct,grid_total,cell_correct,cell_total,copy_rate,change_recall,transformation_quality
34,C1,31,0.9615,83.8961,1,104,12175,14512,0.1680,0.6258,0.107502
34,S2,7,0.0000,73.8788,0,23,4596,6221,0.0695,0.8636,0.338095
34,S3,82,0.0000,90.0656,0,231,70706,78505,0.4125,0.6444,0.310371
