epoch,category,task_count,grid_accuracy,cell_accuracy,grid_correct,grid_total,cell_correct,cell_total,copy_rate,change_recall,transformation_quality
45,C1,31,0.9615,83.8547,1,104,12169,14512,0.1683,0.6261,0.104887
45,S2,7,0.0000,73.2680,0,23,4558,6221,0.0678,0.8704,0.334712
45,S3,82,0.0000,89.9420,0,231,70609,78505,0.4161,0.6391,0.305360
