epoch,category,task_count,grid_accuracy,cell_accuracy,grid_correct,grid_total,cell_correct,cell_total,copy_rate,change_recall,transformation_quality
76,C1,31,0.9615,82.5179,1,104,11975,14512,0.1703,0.6097,0.100144
76,S2,7,0.0000,71.0497,0,23,4420,6221,0.0708,0.8455,0.321780
76,S3,82,0.0000,89.0453,0,231,69905,78505,0.4248,0.6148,0.289745
