epoch,category,task_count,grid_accuracy,cell_accuracy,grid_correct,grid_total,cell_correct,cell_total,copy_rate,change_recall,transformation_quality
73,C1,31,0.9615,82.5799,1,104,11984,14512,0.1680,0.6263,0.102401
73,S2,7,0.0000,71.3229,0,23,4437,6221,0.0673,0.8674,0.326334
73,S3,82,0.0000,88.6453,0,231,69591,78505,0.4142,0.6342,0.292905
