epoch,category,task_count,grid_accuracy,cell_accuracy,grid_correct,grid_total,cell_correct,cell_total,copy_rate,change_recall,transformation_quality
49,C1,31,0.9615,83.6136,1,104,12134,14512,0.1712,0.6223,0.103602
49,S2,7,0.0000,72.9143,0,23,4536,6221,0.0671,0.8661,0.332945
49,S3,82,0.0000,89.7561,0,231,70463,78505,0.4186,0.6331,0.302352
