epoch,category,task_count,grid_accuracy,cell_accuracy,grid_correct,grid_total,cell_correct,cell_total,copy_rate,change_recall,transformation_quality
11,C1,31,0.9615,86.4595,1,104,12547,14512,0.1693,0.6332,0.114601
11,S2,7,0.0000,77.2866,0,23,4808,6221,0.0651,0.8844,0.357196
11,S3,82,0.0000,91.5509,0,231,71872,78505,0.4104,0.6684,0.330166
