epoch,category,task_count,grid_accuracy,cell_accuracy,grid_correct,grid_total,cell_correct,cell_total,copy_rate,change_recall,transformation_quality
39,C1,31,0.9615,83.6480,1,104,12139,14512,0.1704,0.6005,0.103788
39,S2,7,0.0000,73.3805,0,23,4565,6221,0.0702,0.8683,0.334508
39,S3,82,0.0000,90.2108,0,231,70820,78505,0.4287,0.6306,0.303234
