epoch,category,task_count,grid_accuracy,cell_accuracy,grid_correct,grid_total,cell_correct,cell_total,copy_rate,change_recall,transformation_quality
75,C1,31,0.0000,82.1458,0,104,11921,14512,0.1695,0.6181,0.099158
75,S2,7,0.0000,71.0818,0,23,4422,6221,0.0714,0.8537,0.323172
75,S3,82,0.0000,89.0682,0,231,69923,78505,0.4216,0.6182,0.290983
