epoch,category,task_count,grid_accuracy,cell_accuracy,grid_correct,grid_total,cell_correct,cell_total,copy_rate,change_recall,transformation_quality
19,C1,31,0.9615,85.4534,1,104,12401,14512,0.1693,0.6404,0.111091
19,S2,7,0.0000,76.1775,0,23,4739,6221,0.0687,0.8797,0.349258
19,S3,82,0.0000,90.7891,0,231,71274,78505,0.4103,0.6617,0.322068
