epoch,category,task_count,grid_accuracy,cell_accuracy,grid_correct,grid_total,cell_correct,cell_total,copy_rate,change_recall,transformation_quality
28,C1,31,0.9615,84.6403,1,104,12283,14512,0.1688,0.6317,0.108302
28,S2,7,0.0000,74.9558,0,23,4663,6221,0.0672,0.8803,0.345834
28,S3,82,0.0000,90.5586,0,231,71093,78505,0.4111,0.6503,0.317854
