epoch,category,task_count,grid_accuracy,cell_accuracy,grid_correct,grid_total,cell_correct,cell_total,copy_rate,change_recall,transformation_quality
87,C1,31,0.0000,82.2078,0,104,11930,14512,0.1700,0.6119,0.099683
87,S2,7,0.0000,70.6800,0,23,4397,6221,0.0682,0.8561,0.322272
87,S3,82,0.0000,88.7090,0,231,69641,78505,0.4186,0.6197,0.289274
