epoch,category,task_count,grid_accuracy,cell_accuracy,grid_correct,grid_total,cell_correct,cell_total,copy_rate,change_recall,transformation_quality
15,C1,31,0.9615,86.1770,1,104,12506,14512,0.1681,0.6508,0.114187
15,S2,7,0.0000,77.2866,0,23,4808,6221,0.0636,0.8858,0.358291
15,S3,82,0.0000,91.1560,0,231,71562,78505,0.4072,0.6743,0.328233
