epoch,category,task_count,grid_accuracy,cell_accuracy,grid_correct,grid_total,cell_correct,cell_total,copy_rate,change_recall,transformation_quality
47,C1,31,0.9615,83.6136,1,104,12134,14512,0.1688,0.6257,0.104543
47,S2,7,0.0000,73.3001,0,23,4560,6221,0.0700,0.8656,0.334090
47,S3,82,0.0000,89.7841,0,231,70485,78505,0.4189,0.6333,0.302674
