epoch,category,task_count,grid_accuracy,cell_accuracy,grid_correct,grid_total,cell_correct,cell_total,copy_rate,change_recall,transformation_quality
25,C1,31,0.9615,84.3578,1,104,12242,14512,0.1687,0.6272,0.108243
25,S2,7,0.0000,73.8627,0,23,4595,6221,0.0723,0.8686,0.336968
25,S3,82,0.0000,90.6617,0,231,71174,78505,0.4218,0.6400,0.313976
