epoch,category,task_count,grid_accuracy,cell_accuracy,grid_correct,grid_total,cell_correct,cell_total,copy_rate,change_recall,transformation_quality
72,C1,31,0.9615,82.3250,1,104,11947,14512,0.1694,0.6083,0.100734
72,S2,7,0.0000,71.0979,0,23,4423,6221,0.0699,0.8581,0.323930
72,S3,82,0.0000,88.7892,0,231,69704,78505,0.4229,0.6157,0.287933
