epoch,category,task_count,grid_accuracy,cell_accuracy,grid_correct,grid_total,cell_correct,cell_total,copy_rate,change_recall,transformation_quality
61,C1,31,0.0000,67.1858,0,104,9750,14512,0.1658,0.5402,0.062585
61,S2,7,0.0000,61.6300,0,23,3834,6221,0.0619,0.8884,0.287086
61,S3,82,0.0000,73.9520,0,231,58056,78505,0.3977,0.5298,0.193834
