epoch,category,task_count,grid_accuracy,cell_accuracy,grid_correct,grid_total,cell_correct,cell_total,copy_rate,change_recall,transformation_quality
67,C1,31,0.0000,67.5510,0,104,9803,14512,0.1661,0.5387,0.063526
67,S2,7,0.0000,63.0445,0,23,3922,6221,0.0597,0.8893,0.287016
67,S3,82,0.0000,74.1239,0,231,58191,78505,0.3936,0.5356,0.200287
