epoch,category,task_count,grid_accuracy,cell_accuracy,grid_correct,grid_total,cell_correct,cell_total,copy_rate,change_recall,transformation_quality
15,C1,31,0.0000,67.8335,0,104,9844,14512,0.1570,0.5702,0.071351
15,S2,7,0.0000,65.5522,0,23,4078,6221,0.0605,0.8744,0.302936
15,S3,82,0.0000,74.1303,0,231,58196,78505,0.3877,0.5287,0.204747
