epoch,category,task_count,grid_accuracy,cell_accuracy,grid_correct,grid_total,cell_correct,cell_total,copy_rate,change_recall,transformation_quality
65,C1,31,0.0000,67.4201,0,104,9784,14512,0.1635,0.5414,0.065105
65,S2,7,0.0000,64.1376,0,23,3990,6221,0.0632,0.8883,0.292713
65,S3,82,0.0000,74.4679,0,231,58461,78505,0.3955,0.5375,0.201061
