epoch,category,task_count,grid_accuracy,cell_accuracy,grid_correct,grid_total,cell_correct,cell_total,copy_rate,change_recall,transformation_quality
11,C1,31,0.0000,67.5648,0,104,9805,14512,0.1599,0.5742,0.068061
11,S2,7,0.0000,64.7484,0,23,4028,6221,0.0644,0.8634,0.298234
11,S3,82,0.0000,74.3099,0,231,58337,78505,0.3982,0.5121,0.201128
