epoch,category,task_count,grid_accuracy,cell_accuracy,grid_correct,grid_total,cell_correct,cell_total,copy_rate,change_recall,transformation_quality
72,C1,31,0.0000,67.1651,0,104,9747,14512,0.1605,0.5418,0.067433
72,S2,7,0.0000,66.1308,0,23,4114,6221,0.0621,0.8909,0.306786
72,S3,82,0.0000,72.9839,0,231,57296,78505,0.3874,0.5459,0.199233
