epoch,category,task_count,grid_accuracy,cell_accuracy,grid_correct,grid_total,cell_correct,cell_total,copy_rate,change_recall,transformation_quality
83,C1,31,0.0000,66.9584,0,104,9717,14512,0.1669,0.5399,0.060909
83,S2,7,0.0000,64.0733,0,23,3986,6221,0.0632,0.8814,0.292895
83,S3,82,0.0000,73.7635,0,231,57908,78505,0.3950,0.5413,0.197463
