epoch,category,task_count,grid_accuracy,cell_accuracy,grid_correct,grid_total,cell_correct,cell_total,copy_rate,change_recall,transformation_quality
2,C1,31,0.0000,67.4752,0,104,9792,14512,0.1576,0.5900,0.068744
2,S2,7,0.0000,60.1833,0,23,3744,6221,0.0587,0.8729,0.276266
2,S3,82,0.0000,74.4233,0,231,58426,78505,0.3761,0.5777,0.218651
