epoch,category,task_count,grid_accuracy,cell_accuracy,grid_correct,grid_total,cell_correct,cell_total,copy_rate,change_recall,transformation_quality
12,C1,31,0.0000,67.7233,0,104,9828,14512,0.1599,0.5600,0.067952
12,S2,7,0.0000,61.3245,0,23,3815,6221,0.0596,0.8829,0.282830
12,S3,82,0.0000,74.3125,0,231,58339,78505,0.3980,0.5275,0.201101
