epoch,category,task_count,grid_accuracy,cell_accuracy,grid_correct,grid_total,cell_correct,cell_total,copy_rate,change_recall,transformation_quality
64,C1,31,0.0000,67.5165,0,104,9798,14512,0.1632,0.5454,0.065926
64,S2,7,0.0000,64.1537,0,23,3991,6221,0.0633,0.8875,0.292819
64,S3,82,0.0000,74.4424,0,231,58441,78505,0.3984,0.5354,0.199755
