epoch,category,task_count,grid_accuracy,cell_accuracy,grid_correct,grid_total,cell_correct,cell_total,copy_rate,change_recall,transformation_quality
43,C1,31,0.0000,67.1238,0,104,9741,14512,0.1612,0.5737,0.066190
43,S2,7,0.0000,62.7713,0,23,3905,6221,0.0634,0.8784,0.286104
43,S3,82,0.0000,73.7736,0,231,57916,78505,0.3910,0.5310,0.194420
