epoch,category,task_count,grid_accuracy,cell_accuracy,grid_correct,grid_total,cell_correct,cell_total,copy_rate,change_recall,transformation_quality
6,C1,31,0.0000,65.5871,0,104,9518,14512,0.1586,0.5550,0.064699
6,S2,7,0.0000,65.5039,0,23,4075,6221,0.0613,0.8738,0.303318
6,S3,82,0.0000,73.0145,0,231,57320,78505,0.3869,0.5482,0.203994
