epoch,category,task_count,grid_accuracy,cell_accuracy,grid_correct,grid_total,cell_correct,cell_total,copy_rate,change_recall,transformation_quality
78,C1,31,0.0000,66.0350,0,104,9583,14512,0.1638,0.5435,0.062257
78,S2,7,0.0000,62.5141,0,23,3889,6221,0.0603,0.8937,0.289344
78,S3,82,0.0000,72.6845,0,231,57061,78505,0.3963,0.5273,0.188833
