epoch,category,task_count,grid_accuracy,cell_accuracy,grid_correct,grid_total,cell_correct,cell_total,copy_rate,change_recall,transformation_quality
68,C1,31,0.0000,66.8068,0,104,9695,14512,0.1652,0.5430,0.062551
68,S2,7,0.0000,63.1731,0,23,3930,6221,0.0591,0.8920,0.288856
68,S3,82,0.0000,74.4360,0,231,58436,78505,0.3936,0.5510,0.202553
