epoch,category,task_count,grid_accuracy,cell_accuracy,grid_correct,grid_total,cell_correct,cell_total,copy_rate,change_recall,transformation_quality
89,C1,31,0.0000,66.8619,0,104,9703,14512,0.1654,0.5441,0.063000
89,S2,7,0.0000,63.8000,0,23,3969,6221,0.0614,0.8877,0.294193
89,S3,82,0.0000,73.3584,0,231,57590,78505,0.3926,0.5452,0.197453
