epoch,category,task_count,grid_accuracy,cell_accuracy,grid_correct,grid_total,cell_correct,cell_total,copy_rate,change_recall,transformation_quality
10,C1,31,0.0000,67.4201,0,104,9784,14512,0.1602,0.5559,0.067682
10,S2,7,0.0000,64.4752,0,23,4011,6221,0.0653,0.8656,0.295486
10,S3,82,0.0000,74.0424,0,231,58127,78505,0.3972,0.5114,0.199496
