epoch,category,task_count,grid_accuracy,cell_accuracy,grid_correct,grid_total,cell_correct,cell_total,copy_rate,change_recall,transformation_quality
24,C1,31,0.0000,66.0212,0,104,9581,14512,0.1637,0.5516,0.061653
24,S2,7,0.0000,63.3017,0,23,3938,6221,0.0653,0.8704,0.291729
24,S3,82,0.0000,73.1036,0,231,57390,78505,0.3981,0.5268,0.190320
