epoch,category,task_count,grid_accuracy,cell_accuracy,grid_correct,grid_total,cell_correct,cell_total,copy_rate,change_recall,transformation_quality
91,C1,31,0.0000,65.8007,0,104,9549,14512,0.1592,0.5781,0.063876
91,S2,7,0.0000,63.2053,0,23,3932,6221,0.0588,0.9016,0.288821
91,S3,82,0.0000,73.4870,0,231,57691,78505,0.3850,0.5531,0.198003
