epoch,category,task_count,grid_accuracy,cell_accuracy,grid_correct,grid_total,cell_correct,cell_total,copy_rate,change_recall,transformation_quality
23,C1,31,0.0000,67.4890,0,104,9794,14512,0.1635,0.5461,0.065559
23,S2,7,0.0000,64.2019,0,23,3994,6221,0.0606,0.8765,0.295497
23,S3,82,0.0000,74.5749,0,231,58545,78505,0.4035,0.5157,0.198290
