epoch,category,task_count,grid_accuracy,cell_accuracy,grid_correct,grid_total,cell_correct,cell_total,copy_rate,change_recall,transformation_quality
19,C1,31,0.0000,66.8895,0,104,9707,14512,0.1634,0.5365,0.065205
19,S2,7,0.0000,62.7391,0,23,3903,6221,0.0611,0.8847,0.290522
19,S3,82,0.0000,72.9686,0,231,57284,78505,0.3963,0.5131,0.195467
