epoch,category,task_count,grid_accuracy,cell_accuracy,grid_correct,grid_total,cell_correct,cell_total,copy_rate,change_recall,transformation_quality
17,C1,31,0.0000,68.1023,0,104,9883,14512,0.1595,0.5708,0.069949
17,S2,7,0.0000,65.5361,0,23,4077,6221,0.0606,0.8804,0.304338
17,S3,82,0.0000,74.3316,0,231,58354,78505,0.3868,0.5322,0.206665
