epoch,category,task_count,grid_accuracy,cell_accuracy,grid_correct,grid_total,cell_correct,cell_total,copy_rate,change_recall,transformation_quality
87,C1,31,0.0000,67.0342,0,104,9728,14512,0.1671,0.5422,0.062967
87,S2,7,0.0000,64.6359,0,23,4021,6221,0.0626,0.8861,0.297721
87,S3,82,0.0000,73.6386,0,231,57810,78505,0.3955,0.5426,0.198616
