epoch,category,task_count,grid_accuracy,cell_accuracy,grid_correct,grid_total,cell_correct,cell_total,copy_rate,change_recall,transformation_quality
33,C1,31,0.0000,66.9033,0,104,9709,14512,0.1619,0.5537,0.064884
33,S2,7,0.0000,62.5301,0,23,3890,6221,0.0597,0.8916,0.285918
33,S3,82,0.0000,74.2157,0,231,58263,78505,0.3890,0.5420,0.207470
