epoch,category,task_count,grid_accuracy,cell_accuracy,grid_correct,grid_total,cell_correct,cell_total,copy_rate,change_recall,transformation_quality
1,C1,31,0.0000,67.5579,0,104,9804,14512,0.1606,0.5463,0.068034
1,S2,7,0.0000,64.4269,0,23,4008,6221,0.0641,0.8743,0.299614
1,S3,82,0.0000,73.5495,0,231,57740,78505,0.3873,0.5447,0.205319
