epoch,category,task_count,grid_accuracy,cell_accuracy,grid_correct,grid_total,cell_correct,cell_total,copy_rate,change_recall,transformation_quality
27,C1,31,0.0000,68.0334,0,104,9873,14512,0.1601,0.5735,0.070031
27,S2,7,0.0000,63.3821,0,23,3943,6221,0.0618,0.8784,0.294356
27,S3,82,0.0000,74.2106,0,231,58259,78505,0.3862,0.5388,0.207017
