epoch,category,task_count,grid_accuracy,cell_accuracy,grid_correct,grid_total,cell_correct,cell_total,copy_rate,change_recall,transformation_quality
81,C1,31,0.0000,66.8206,0,104,9697,14512,0.1644,0.5518,0.063161
81,S2,7,0.0000,64.1697,0,23,3992,6221,0.0625,0.8873,0.295139
81,S3,82,0.0000,74.2857,0,231,58318,78505,0.3986,0.5310,0.197684
