epoch,category,task_count,grid_accuracy,cell_accuracy,grid_correct,grid_total,cell_correct,cell_total,copy_rate,change_recall,transformation_quality
13,C1,31,0.0000,67.4614,0,104,9790,14512,0.1617,0.5708,0.065958
13,S2,7,0.0000,61.5014,0,23,3826,6221,0.0634,0.8651,0.285507
13,S3,82,0.0000,73.9966,0,231,58091,78505,0.3903,0.5267,0.199792
