epoch,category,task_count,grid_accuracy,cell_accuracy,grid_correct,grid_total,cell_correct,cell_total,copy_rate,change_recall,transformation_quality
71,C1,31,0.0000,66.5863,0,104,9663,14512,0.1629,0.5462,0.063027
71,S2,7,0.0000,63.4464,0,23,3947,6221,0.0614,0.8902,0.291117
71,S3,82,0.0000,74.1150,0,231,58184,78505,0.3938,0.5375,0.198896
