epoch,category,task_count,grid_accuracy,cell_accuracy,grid_correct,grid_total,cell_correct,cell_total,copy_rate,change_recall,transformation_quality
58,C1,31,0.0000,67.5923,0,104,9809,14512,0.1634,0.5507,0.065323
58,S2,7,0.0000,63.3499,0,23,3941,6221,0.0631,0.8840,0.288719
58,S3,82,0.0000,74.3176,0,231,58343,78505,0.4008,0.5286,0.197491
