epoch,category,task_count,grid_accuracy,cell_accuracy,grid_correct,grid_total,cell_correct,cell_total,copy_rate,change_recall,transformation_quality
96,C1,31,0.0000,67.2064,0,104,9753,14512,0.1647,0.5641,0.064442
96,S2,7,0.0000,64.1054,0,23,3988,6221,0.0606,0.8944,0.294911
96,S3,82,0.0000,73.3851,0,231,57611,78505,0.3904,0.5487,0.196572
