epoch,category,task_count,grid_accuracy,cell_accuracy,grid_correct,grid_total,cell_correct,cell_total,copy_rate,change_recall,transformation_quality
14,C1,31,0.0000,67.9507,0,104,9861,14512,0.1596,0.5683,0.069135
14,S2,7,0.0000,65.4879,0,23,4074,6221,0.0585,0.8852,0.305947
14,S3,82,0.0000,74.4590,0,231,58454,78505,0.3847,0.5485,0.209857
