epoch,category,task_count,grid_accuracy,cell_accuracy,grid_correct,grid_total,cell_correct,cell_total,copy_rate,change_recall,transformation_quality
90,C1,31,0.0000,67.0204,0,104,9726,14512,0.1603,0.5811,0.066636
90,S2,7,0.0000,63.9286,0,23,3977,6221,0.0621,0.8925,0.297497
90,S3,82,0.0000,72.9635,0,231,57280,78505,0.3908,0.5392,0.197694
