epoch,category,task_count,grid_accuracy,cell_accuracy,grid_correct,grid_total,cell_correct,cell_total,copy_rate,change_recall,transformation_quality
39,C1,31,0.0000,67.6199,0,104,9813,14512,0.1593,0.5546,0.067913
39,S2,7,0.0000,64.4752,0,23,4011,6221,0.0615,0.8917,0.300695
39,S3,82,0.0000,74.2322,0,231,58276,78505,0.3973,0.5374,0.202750
