epoch,category,task_count,grid_accuracy,cell_accuracy,grid_correct,grid_total,cell_correct,cell_total,copy_rate,change_recall,transformation_quality
47,C1,31,0.0000,67.3580,0,104,9775,14512,0.1640,0.5446,0.064631
47,S2,7,0.0000,63.8322,0,23,3971,6221,0.0615,0.8882,0.293030
47,S3,82,0.0000,74.6424,0,231,58598,78505,0.3903,0.5401,0.205005
