epoch,category,task_count,grid_accuracy,cell_accuracy,grid_correct,grid_total,cell_correct,cell_total,copy_rate,change_recall,transformation_quality
30,C1,31,0.0000,66.1935,0,104,9606,14512,0.1605,0.5725,0.064024
30,S2,7,0.0000,59.3152,0,23,3690,6221,0.0621,0.8791,0.278699
30,S3,82,0.0000,72.9954,0,231,57305,78505,0.3918,0.5204,0.194346
