epoch,category,task_count,grid_accuracy,cell_accuracy,grid_correct,grid_total,cell_correct,cell_total,copy_rate,change_recall,transformation_quality
15,A2,1,0.0000,87.1635,0,400,135100,154996,0.3431,0.9756,0.356966
15,C1,71,3.9225,89.4670,1114,28400,5733509,6408516,0.3222,0.6521,0.270809
15,S2,4,0.7500,88.6195,12,1600,381757,430782,0.2452,0.9545,0.775544
15,S3,16,0.2344,90.6068,15,6400,1339139,1477967,0.3266,0.6957,0.289272
