epoch,category,task_count,grid_accuracy,cell_accuracy,grid_correct,grid_total,cell_correct,cell_total,copy_rate,change_recall,transformation_quality
20,A2,1,0.0000,87.3958,0,400,135460,154996,0.3429,0.9735,0.357736
20,C1,71,3.9155,89.4684,1112,28400,5733594,6408516,0.3197,0.6640,0.272442
20,S2,4,0.7500,89.1699,12,1600,384128,430782,0.2457,0.9536,0.778797
20,S3,16,0.2344,90.6943,15,6400,1340432,1477967,0.3211,0.7044,0.290336
