epoch,category,task_count,grid_accuracy,cell_accuracy,grid_correct,grid_total,cell_correct,cell_total,copy_rate,change_recall,transformation_quality
6,A2,1,0.0000,85.3416,0,400,132276,154996,0.3421,0.9761,0.349030
6,C1,71,3.9296,88.7343,1116,28400,5686551,6408516,0.3202,0.6485,0.266219
6,S2,4,1.8750,84.8944,30,1600,365710,430782,0.2407,0.9579,0.742791
6,S3,16,0.2188,89.5460,14,6400,1323461,1477967,0.3265,0.6857,0.280604
