epoch,category,task_count,grid_accuracy,cell_accuracy,grid_correct,grid_total,cell_correct,cell_total,copy_rate,change_recall,transformation_quality
12,A2,1,0.0000,86.4513,0,400,133996,154996,0.3426,0.9717,0.353211
12,C1,71,3.9542,89.0688,1123,28400,5707991,6408516,0.3182,0.6545,0.269999
12,S2,4,1.1250,87.1260,18,1600,375323,430782,0.2426,0.9549,0.762035
12,S3,16,0.2344,90.0141,15,6400,1330378,1477967,0.3195,0.6907,0.285345
