epoch,category,task_count,grid_accuracy,cell_accuracy,grid_correct,grid_total,cell_correct,cell_total,copy_rate,change_recall,transformation_quality
8,A2,1,0.0000,86.1313,0,400,133500,154996,0.3428,0.9722,0.351650
8,C1,71,3.5986,88.9834,1022,28400,5702516,6408516,0.3310,0.6295,0.259998
8,S2,4,0.7500,86.3502,12,1600,371981,430782,0.2444,0.9528,0.755266
8,S3,16,0.2188,89.9309,14,6400,1329149,1477967,0.3412,0.6648,0.276755
