epoch,category,task_count,grid_accuracy,cell_accuracy,grid_correct,grid_total,cell_correct,cell_total,copy_rate,change_recall,transformation_quality
25,A2,1,0.0000,87.2745,0,400,135272,154996,0.3428,0.9765,0.357697
25,C1,71,3.9296,89.3815,1116,28400,5728025,6408516,0.3210,0.6641,0.270280
25,S2,4,0.4375,88.6506,7,1600,381891,430782,0.2528,0.9478,0.774081
25,S3,16,0.2188,90.4831,14,6400,1337310,1477967,0.3181,0.7112,0.288772
