epoch,category,task_count,grid_accuracy,cell_accuracy,grid_correct,grid_total,cell_correct,cell_total,copy_rate,change_recall,transformation_quality
21,A2,1,0.0000,87.4023,0,400,135470,154996,0.3434,0.9715,0.357738
21,C1,71,3.9894,89.5203,1133,28400,5736920,6408516,0.3261,0.6495,0.269458
21,S2,4,0.2500,89.2844,4,1600,384621,430782,0.2465,0.9526,0.781117
21,S3,16,0.2344,90.7996,15,6400,1341988,1477967,0.3301,0.6890,0.286895
