epoch,category,task_count,grid_accuracy,cell_accuracy,grid_correct,grid_total,cell_correct,cell_total,copy_rate,change_recall,transformation_quality
18,A2,1,0.0000,87.2332,0,400,135208,154996,0.3430,0.9754,0.357413
18,C1,71,3.7958,89.2703,1078,28400,5720904,6408516,0.3194,0.6579,0.270907
18,S2,4,1.3750,88.5162,22,1600,381312,430782,0.2464,0.9528,0.771078
18,S3,16,0.2344,90.4817,15,6400,1337290,1477967,0.3230,0.7019,0.289309
