epoch,category,task_count,grid_accuracy,cell_accuracy,grid_correct,grid_total,cell_correct,cell_total,copy_rate,change_recall,transformation_quality
24,A2,1,0.0000,87.3468,0,400,135384,154996,0.3437,0.9662,0.356436
24,C1,71,3.7465,89.3560,1064,28400,5726394,6408516,0.3222,0.6520,0.268512
24,S2,4,1.3125,89.2154,21,1600,384324,430782,0.2459,0.9526,0.776543
24,S3,16,0.2344,90.6283,15,6400,1339457,1477967,0.3235,0.6926,0.286243
