epoch,category,task_count,grid_accuracy,cell_accuracy,grid_correct,grid_total,cell_correct,cell_total,copy_rate,change_recall,transformation_quality
13,A2,1,0.0000,86.8622,0,400,134633,154996,0.3434,0.9682,0.353996
13,C1,71,3.6585,89.1719,1039,28400,5714593,6408516,0.3236,0.6478,0.265848
13,S2,4,1.0625,87.1130,17,1600,375267,430782,0.2480,0.9481,0.757374
13,S3,16,0.2344,90.1739,15,6400,1332741,1477967,0.3250,0.6983,0.285374
