epoch,category,task_count,grid_accuracy,cell_accuracy,grid_correct,grid_total,cell_correct,cell_total,copy_rate,change_recall,transformation_quality
11,A2,1,0.0000,86.9435,0,400,134759,154996,0.3430,0.9731,0.355714
11,C1,71,4.0141,89.4531,1140,28400,5732618,6408516,0.3182,0.6596,0.274209
11,S2,4,0.5625,88.2753,9,1600,380274,430782,0.2469,0.9541,0.775224
11,S3,16,0.2344,90.4982,15,6400,1337533,1477967,0.3224,0.6984,0.290995
