epoch,category,task_count,grid_accuracy,cell_accuracy,grid_correct,grid_total,cell_correct,cell_total,copy_rate,change_recall,transformation_quality
3,A2,1,0.0000,85.3958,0,400,132360,154996,0.3427,0.9731,0.348288
3,C1,71,3.7077,88.6508,1053,28400,5681198,6408516,0.3232,0.6349,0.263733
3,S2,4,1.1875,84.0107,19,1600,361903,430782,0.2426,0.9540,0.734096
3,S3,16,0.2188,89.5116,14,6400,1322952,1477967,0.3306,0.6787,0.278757
