epoch,category,task_count,grid_accuracy,cell_accuracy,grid_correct,grid_total,cell_correct,cell_total,copy_rate,change_recall,transformation_quality
14,A2,1,0.0000,86.9719,0,400,134803,154996,0.3432,0.9729,0.355290
14,C1,71,3.9472,89.2495,1121,28400,5719566,6408516,0.3144,0.6663,0.273504
14,S2,4,1.0625,88.2400,17,1600,380122,430782,0.2394,0.9587,0.771869
14,S3,16,0.2344,90.4991,15,6400,1337547,1477967,0.3189,0.7018,0.290455
