epoch,category,task_count,grid_accuracy,cell_accuracy,grid_correct,grid_total,cell_correct,cell_total,copy_rate,change_recall,transformation_quality
26,A2,1,0.0000,87.5352,0,400,135676,154996,0.3426,0.9776,0.359001
26,C1,71,3.9507,89.4580,1122,28400,5732928,6408516,0.3226,0.6645,0.270827
26,S2,4,0.5625,89.5003,9,1600,385551,430782,0.2503,0.9497,0.781130
26,S3,16,0.2344,90.6611,15,6400,1339941,1477967,0.3183,0.7119,0.290568
