epoch,category,task_count,grid_accuracy,cell_accuracy,grid_correct,grid_total,cell_correct,cell_total,copy_rate,change_recall,transformation_quality
2,A2,1,0.0000,84.6970,0,400,131277,154996,0.3414,0.9748,0.345220
2,C1,71,3.7923,88.1137,1077,28400,5646778,6408516,0.3286,0.6237,0.255958
2,S2,4,0.5625,82.7068,9,1600,356286,430782,0.2470,0.9497,0.721010
2,S3,16,0.2188,88.9075,14,6400,1314024,1477967,0.3373,0.6661,0.270921
