epoch,category,task_count,grid_accuracy,cell_accuracy,grid_correct,grid_total,cell_correct,cell_total,copy_rate,change_recall,transformation_quality
27,A2,1,0.0000,87.6003,0,400,135777,154996,0.3429,0.9771,0.359353
27,C1,71,3.7465,89.6026,1064,28400,5742194,6408516,0.3269,0.6578,0.268594
27,S2,4,0.6250,89.5743,10,1600,385870,430782,0.2482,0.9512,0.782637
27,S3,16,0.2344,90.8677,15,6400,1342995,1477967,0.3320,0.6909,0.286525
