epoch,category,task_count,grid_accuracy,cell_accuracy,grid_correct,grid_total,cell_correct,cell_total,copy_rate,change_recall,transformation_quality
28,A2,1,0.0000,87.7448,0,400,136001,154996,0.3428,0.9781,0.359924
28,C1,71,3.9613,89.7994,1125,28400,5754812,6408516,0.3261,0.6609,0.271786
28,S2,4,0.3125,89.7106,5,1600,386457,430782,0.2502,0.9514,0.785032
28,S3,16,0.2344,90.9333,15,6400,1343964,1477967,0.3295,0.6940,0.288739
