epoch,category,task_count,grid_accuracy,cell_accuracy,grid_correct,grid_total,cell_correct,cell_total,copy_rate,change_recall,transformation_quality
0,A2,1,0.0000,52.8065,0,400,81848,154996,0.1793,1.0000,0.187588
0,C1,71,4.0655,71.7685,1139,28016,4599299,6408516,0.2865,0.6277,0.203337
0,S2,4,0.0000,67.3278,0,1600,290036,430782,0.3127,0.8580,0.572663
0,S3,16,0.2188,70.6840,14,6400,1044686,1477967,0.2528,0.7438,0.234430
