epoch,category,task_count,grid_accuracy,cell_accuracy,grid_correct,grid_total,cell_correct,cell_total,copy_rate,change_recall,transformation_quality
12,A2,1,0.0000,53.6582,0,400,83168,154996,0.1823,1.0000,0.190215
12,C1,71,4.0584,71.5756,1137,28016,4586932,6408516,0.2783,0.6607,0.207987
12,S2,4,0.0000,64.1849,0,1600,276497,430782,0.3181,0.8523,0.552841
12,S3,16,0.2188,66.1741,14,6400,978031,1477967,0.2435,0.7557,0.227549
