epoch,category,task_count,grid_accuracy,cell_accuracy,grid_correct,grid_total,cell_correct,cell_total,copy_rate,change_recall,transformation_quality
1,A2,1,0.0000,51.0742,0,400,79163,154996,0.1734,1.0000,0.180432
1,C1,71,4.0655,71.4476,1139,28016,4578731,6408516,0.2848,0.6397,0.203650
1,S2,4,0.0000,70.0264,0,1600,301661,430782,0.3179,0.8575,0.598441
1,S3,16,0.2188,70.4294,14,6400,1040923,1477967,0.2538,0.7536,0.234070
