epoch,category,task_count,grid_accuracy,cell_accuracy,grid_correct,grid_total,cell_correct,cell_total,copy_rate,change_recall,transformation_quality
4,A2,1,0.0000,50.3148,0,400,77986,154996,0.1709,1.0000,0.177126
4,C1,71,4.0655,72.8365,1139,28016,4667740,6408516,0.2850,0.6490,0.210946
4,S2,4,0.0000,70.6654,0,1600,304414,430782,0.3127,0.8638,0.604304
4,S3,16,0.2188,71.9922,14,6400,1064021,1477967,0.2493,0.7664,0.244982
