epoch,category,task_count,grid_accuracy,cell_accuracy,grid_correct,grid_total,cell_correct,cell_total,copy_rate,change_recall,transformation_quality
3,A2,1,0.0000,51.1639,0,400,79302,154996,0.1740,1.0000,0.180923
3,C1,71,4.0655,72.2101,1139,28016,4627598,6408516,0.2843,0.6387,0.205255
3,S2,4,0.0000,70.6675,0,1600,304423,430782,0.3120,0.8658,0.606218
3,S3,16,0.2188,70.9701,14,6400,1048915,1477967,0.2501,0.7613,0.240911
