epoch,category,task_count,grid_accuracy,cell_accuracy,grid_correct,grid_total,cell_correct,cell_total,copy_rate,change_recall,transformation_quality
13,A2,1,0.0000,13.3307,0,400,20662,154996,0.0609,0.9010,0.040281
13,C1,71,1.0851,19.2070,304,28016,1230881,6408516,0.0982,0.8492,0.069012
13,S2,4,0.0000,22.5710,0,1600,97232,430782,0.0898,0.9486,0.229383
13,S3,16,0.0938,19.4592,6,6400,287600,1477967,0.1296,0.7358,0.051846
