epoch,category,task_count,grid_accuracy,cell_accuracy,grid_correct,grid_total,cell_correct,cell_total,copy_rate,change_recall,transformation_quality
5,A2,1,0.0000,50.8032,0,400,78743,154996,0.1726,1.0000,0.179293
5,C1,71,4.0655,72.8939,1139,28016,4671416,6408516,0.2846,0.6438,0.211583
5,S2,4,0.0000,70.4126,0,1600,303325,430782,0.3099,0.8675,0.602604
5,S3,16,0.2188,71.7369,14,6400,1060247,1477967,0.2469,0.7677,0.245638
