epoch,category,task_count,grid_accuracy,cell_accuracy,grid_correct,grid_total,cell_correct,cell_total,copy_rate,change_recall,transformation_quality
26,A2,1,0.0000,8.5015,0,400,13177,154996,0.0457,0.9025,0.025655
26,C1,71,0.7781,11.6329,218,28016,745497,6408516,0.0727,0.8722,0.050335
26,S2,4,0.0625,16.7075,1,1600,71973,430782,0.0641,0.9645,0.188747
26,S3,16,0.0625,11.8959,4,6400,175818,1477967,0.1181,0.7502,0.029295
