epoch,category,task_count,grid_accuracy,cell_accuracy,grid_correct,grid_total,cell_correct,cell_total,copy_rate,change_recall,transformation_quality
7,A2,1,0.0000,53.1252,0,400,82342,154996,0.1806,1.0000,0.188489
7,C1,71,4.0655,71.5918,1139,28016,4587975,6408516,0.2808,0.6570,0.209157
7,S2,4,0.0000,69.0988,0,1600,297665,430782,0.3186,0.8575,0.592586
7,S3,16,0.2188,71.2207,14,6400,1052619,1477967,0.2530,0.7613,0.240287
