epoch,category,task_count,grid_accuracy,cell_accuracy,grid_correct,grid_total,cell_correct,cell_total,copy_rate,change_recall,transformation_quality
8,A2,1,0.0000,49.2335,0,400,76310,154996,0.1672,1.0000,0.172711
8,C1,71,4.0655,71.5993,1139,28016,4588452,6408516,0.2797,0.6690,0.211532
8,S2,4,0.0000,68.7849,0,1600,296313,430782,0.3170,0.8567,0.585645
8,S3,16,0.2188,68.3272,14,6400,1009854,1477967,0.2545,0.7448,0.228986
