epoch,category,task_count,grid_accuracy,cell_accuracy,grid_correct,grid_total,cell_correct,cell_total,copy_rate,change_recall,transformation_quality
10,A2,1,0.0000,53.3059,0,400,82622,154996,0.1812,1.0000,0.189197
10,C1,71,4.0655,71.9821,1139,28016,4612985,6408516,0.2856,0.6492,0.206409
10,S2,4,0.0000,66.7762,0,1600,287660,430782,0.3111,0.8635,0.571137
10,S3,16,0.2188,70.6361,14,6400,1043978,1477967,0.2560,0.7532,0.236869
