epoch,category,task_count,grid_accuracy,cell_accuracy,grid_correct,grid_total,cell_correct,cell_total,copy_rate,change_recall,transformation_quality
9,A2,1,0.0000,52.9756,0,400,82110,154996,0.1803,1.0000,0.187804
9,C1,71,4.0655,71.9781,1139,28016,4612725,6408516,0.2809,0.6587,0.209813
9,S2,4,0.0000,65.4709,0,1600,282037,430782,0.3168,0.8532,0.560887
9,S3,16,0.2188,69.9375,14,6400,1033653,1477967,0.2520,0.7533,0.235065
