epoch,category,task_count,grid_accuracy,cell_accuracy,grid_correct,grid_total,cell_correct,cell_total,copy_rate,change_recall,transformation_quality
6,A2,1,0.0000,53.7040,0,400,83239,154996,0.1824,1.0000,0.190960
6,C1,71,4.0655,72.0169,1139,28016,4615212,6408516,0.2828,0.6578,0.208627
6,S2,4,0.0000,71.2507,0,1600,306935,430782,0.3120,0.8645,0.610213
6,S3,16,0.2188,69.7011,14,6400,1030159,1477967,0.2533,0.7529,0.233889
