epoch,category,task_count,grid_accuracy,cell_accuracy,grid_correct,grid_total,cell_correct,cell_total,copy_rate,change_recall,transformation_quality
2,A2,1,0.0000,48.1870,0,400,74688,154996,0.1636,1.0000,0.168481
2,C1,71,4.0655,72.3825,1139,28016,4638641,6408516,0.2803,0.6506,0.209266
2,S2,4,0.0000,69.1658,0,1600,297954,430782,0.3207,0.8555,0.591959
2,S3,16,0.2188,71.4768,14,6400,1056403,1477967,0.2423,0.7699,0.244073
