epoch,category,task_count,grid_accuracy,cell_accuracy,grid_correct,grid_total,cell_correct,cell_total,copy_rate,change_recall,transformation_quality
11,A2,1,0.0000,53.9943,0,400,83689,154996,0.1837,1.0000,0.192037
11,C1,71,4.0655,71.7806,1139,28016,4600071,6408516,0.2851,0.6509,0.206666
11,S2,4,0.0000,67.2809,0,1600,289834,430782,0.3102,0.8639,0.575247
11,S3,16,0.2188,70.5437,14,6400,1042613,1477967,0.2560,0.7537,0.236977
