epoch,category,task_count,grid_accuracy,cell_accuracy,grid_correct,grid_total,cell_correct,cell_total,copy_rate,change_recall,transformation_quality
41,C1,31,0.9615,83.3862,1,104,12101,14512,0.1694,0.6279,0.103982
41,S2,7,0.0000,73.1394,0,23,4550,6221,0.0689,0.8707,0.336210
41,S3,82,0.0000,90.1306,0,231,70757,78505,0.4119,0.6514,0.312088
