epoch,category,task_count,grid_accuracy,cell_accuracy,grid_correct,grid_total,cell_correct,cell_total,copy_rate,change_recall,transformation_quality
61,C1,31,0.9615,83.3862,1,104,12101,14512,0.1726,0.6061,0.101438
61,S2,7,0.0000,72.0463,0,23,4482,6221,0.0698,0.8639,0.330508
61,S3,82,0.0000,89.6567,0,231,70385,78505,0.4268,0.6143,0.296312
