epoch,category,task_count,grid_accuracy,cell_accuracy,grid_correct,grid_total,cell_correct,cell_total,copy_rate,change_recall,transformation_quality
45,C1,31,0.9615,83.0003,1,104,12045,14512,0.1696,0.6143,0.102687
45,S2,7,0.0000,72.9465,0,23,4538,6221,0.0698,0.8640,0.335668
45,S3,82,0.0000,89.8236,0,231,70516,78505,0.4181,0.6351,0.304384
