epoch,category,task_count,grid_accuracy,cell_accuracy,grid_correct,grid_total,cell_correct,cell_total,copy_rate,change_recall,transformation_quality
97,C1,31,0.9615,81.6841,1,104,11854,14512,0.1704,0.6003,0.097350
97,S2,7,0.0000,68.5420,0,23,4264,6221,0.0705,0.8599,0.311230
97,S3,82,0.0000,88.7345,0,231,69661,78505,0.4211,0.6210,0.288279
