epoch,category,task_count,grid_accuracy,cell_accuracy,grid_correct,grid_total,cell_correct,cell_total,copy_rate,change_recall,transformation_quality
59,C1,31,0.9615,83.0003,1,104,12045,14512,0.1697,0.6274,0.102478
59,S2,7,0.0000,71.6605,0,23,4458,6221,0.0683,0.8684,0.329290
59,S3,82,0.0000,89.6185,0,231,70355,78505,0.4143,0.6354,0.302367
