epoch,category,task_count,grid_accuracy,cell_accuracy,grid_correct,grid_total,cell_correct,cell_total,copy_rate,change_recall,transformation_quality
54,C1,31,0.9615,82.3870,1,104,11956,14512,0.1722,0.5949,0.099215
54,S2,7,0.0000,70.5996,0,23,4392,6221,0.0687,0.8624,0.325652
54,S3,82,0.0000,89.5051,0,231,70266,78505,0.4188,0.6215,0.298926
