epoch,category,task_count,grid_accuracy,cell_accuracy,grid_correct,grid_total,cell_correct,cell_total,copy_rate,change_recall,transformation_quality
79,C1,31,0.0000,82.3250,0,104,11947,14512,0.1701,0.6067,0.099004
79,S2,7,0.0000,70.3102,0,23,4374,6221,0.0694,0.8738,0.322831
79,S3,82,0.0000,88.8886,0,231,69782,78505,0.4263,0.6185,0.287533
