epoch,category,task_count,grid_accuracy,cell_accuracy,grid_correct,grid_total,cell_correct,cell_total,copy_rate,change_recall,transformation_quality
98,C1,31,0.0000,81.9115,0,104,11887,14512,0.1706,0.5945,0.097381
98,S2,7,0.0000,69.5869,0,23,4329,6221,0.0717,0.8619,0.316365
98,S3,82,0.0000,88.9013,0,231,69792,78505,0.4280,0.6123,0.285601
