epoch,category,task_count,grid_accuracy,cell_accuracy,grid_correct,grid_total,cell_correct,cell_total,copy_rate,change_recall,transformation_quality
13,C1,31,0.9615,86.4595,1,104,12547,14512,0.1694,0.6337,0.114227
13,S2,7,0.0000,76.5150,0,23,4760,6221,0.0677,0.8740,0.353371
13,S3,82,0.0000,91.2885,0,231,71666,78505,0.4229,0.6493,0.321864
