epoch,category,task_count,grid_accuracy,cell_accuracy,grid_correct,grid_total,cell_correct,cell_total,copy_rate,change_recall,transformation_quality
12,C1,31,0.9615,85.8462,1,104,12458,14512,0.1702,0.6177,0.111733
12,S2,7,0.0000,76.6115,0,23,4766,6221,0.0687,0.8741,0.352712
12,S3,82,0.0000,91.1547,0,231,71561,78505,0.4211,0.6435,0.318879
