epoch,category,task_count,grid_accuracy,cell_accuracy,grid_correct,grid_total,cell_correct,cell_total,copy_rate,change_recall,transformation_quality
17,C1,31,0.0000,85.6533,0,104,12430,14512,0.1705,0.6268,0.109921
17,S2,7,0.0000,76.3704,0,23,4751,6221,0.0658,0.8855,0.354302
17,S3,82,0.0000,91.2324,0,231,71622,78505,0.4104,0.6596,0.326913
