epoch,category,task_count,grid_accuracy,cell_accuracy,grid_correct,grid_total,cell_correct,cell_total,copy_rate,change_recall,transformation_quality
0,C1,31,0.9615,86.7696,1,104,12592,14512,0.1707,0.6210,0.114461
0,S2,7,0.0000,78.7333,0,23,4898,6221,0.0726,0.8575,0.356976
0,S3,82,0.0000,91.6706,0,231,71966,78505,0.4455,0.6255,0.314012
