epoch,category,task_count,grid_accuracy,cell_accuracy,grid_correct,grid_total,cell_correct,cell_total,copy_rate,change_recall,transformation_quality
82,C1,31,0.0000,82.0424,0,104,11906,14512,0.1707,0.6013,0.098510
82,S2,7,0.0000,70.9211,0,23,4412,6221,0.0718,0.8634,0.323161
82,S3,82,0.0000,88.9561,0,231,69835,78505,0.4241,0.6139,0.287191
