epoch,category,task_count,grid_accuracy,cell_accuracy,grid_correct,grid_total,cell_correct,cell_total,copy_rate,change_recall,transformation_quality
81,C1,31,0.0000,82.3594,0,104,11952,14512,0.1703,0.6057,0.098871
81,S2,7,0.0000,70.4710,0,23,4384,6221,0.0732,0.8613,0.319659
81,S3,82,0.0000,89.0759,0,231,69929,78505,0.4289,0.6035,0.285825
