epoch,category,task_count,grid_accuracy,cell_accuracy,grid_correct,grid_total,cell_correct,cell_total,copy_rate,change_recall,transformation_quality
65,C1,31,0.9615,82.8073,1,104,12017,14512,0.1700,0.6229,0.101367
65,S2,7,0.0000,71.3872,0,23,4441,6221,0.0714,0.8659,0.326094
65,S3,82,0.0000,89.4733,0,231,70241,78505,0.4185,0.6326,0.297616
