epoch,category,task_count,grid_accuracy,cell_accuracy,grid_correct,grid_total,cell_correct,cell_total,copy_rate,change_recall,transformation_quality
11,C1,31,0.9615,86.5904,1,104,12566,14512,0.1705,0.6321,0.113355
11,S2,7,0.0000,77.6403,0,23,4830,6221,0.0660,0.8738,0.358799
11,S3,82,0.0000,91.5381,0,231,71862,78505,0.4141,0.6630,0.329206
