epoch,category,task_count,grid_accuracy,cell_accuracy,grid_correct,grid_total,cell_correct,cell_total,copy_rate,change_recall,transformation_quality
5,C1,31,0.9615,86.7834,1,104,12594,14512,0.1722,0.6181,0.112553
5,S2,7,0.0000,77.8653,0,23,4844,6221,0.0685,0.8709,0.357972
5,S3,82,0.0000,91.6833,0,231,71976,78505,0.4194,0.6521,0.327014
