epoch,category,task_count,grid_accuracy,cell_accuracy,grid_correct,grid_total,cell_correct,cell_total,copy_rate,change_recall,transformation_quality
24,C1,31,0.9615,84.6748,1,104,12288,14512,0.1711,0.6256,0.106353
24,S2,7,0.0000,74.5218,0,23,4636,6221,0.0700,0.8660,0.341110
24,S3,82,0.0000,90.7445,0,231,71239,78505,0.4115,0.6507,0.319526
