epoch,category,task_count,grid_accuracy,cell_accuracy,grid_correct,grid_total,cell_correct,cell_total,copy_rate,change_recall,transformation_quality
40,C1,31,0.9615,83.4206,1,104,12106,14512,0.1696,0.6258,0.104145
40,S2,7,0.0000,72.9947,0,23,4541,6221,0.0686,0.8701,0.335137
40,S3,82,0.0000,90.0860,0,231,70722,78505,0.4105,0.6513,0.310927
