epoch,category,task_count,grid_accuracy,cell_accuracy,grid_correct,grid_total,cell_correct,cell_total,copy_rate,change_recall,transformation_quality
55,C1,31,0.9615,83.0899,1,104,12058,14512,0.1708,0.6156,0.101636
55,S2,7,0.0000,71.6766,0,23,4459,6221,0.0707,0.8547,0.327576
55,S3,82,0.0000,89.6809,0,231,70404,78505,0.4136,0.6338,0.301361
