epoch,category,task_count,grid_accuracy,cell_accuracy,grid_correct,grid_total,cell_correct,cell_total,copy_rate,change_recall,transformation_quality
20,C1,31,0.9615,85.4396,1,104,12399,14512,0.1723,0.6195,0.107392
20,S2,7,0.0000,75.6470,0,23,4706,6221,0.0683,0.8664,0.348456
20,S3,82,0.0000,91.0311,0,231,71464,78505,0.4083,0.6609,0.323734
