epoch,category,task_count,grid_accuracy,cell_accuracy,grid_correct,grid_total,cell_correct,cell_total,copy_rate,change_recall,transformation_quality
32,C1,31,0.0000,84.1993,0,104,12219,14512,0.1706,0.6241,0.105592
32,S2,7,0.0000,73.3805,0,23,4565,6221,0.0723,0.8631,0.334674
32,S3,82,0.0000,90.3981,0,231,70967,78505,0.4116,0.6488,0.317000
