epoch,category,task_count,grid_accuracy,cell_accuracy,grid_correct,grid_total,cell_correct,cell_total,copy_rate,change_recall,transformation_quality
75,C1,31,0.0000,82.2147,0,104,11931,14512,0.1704,0.6126,0.098898
75,S2,7,0.0000,70.9854,0,23,4416,6221,0.0687,0.8658,0.326130
75,S3,82,0.0000,89.2529,0,231,70068,78505,0.4168,0.6291,0.296652
