epoch,category,task_count,grid_accuracy,cell_accuracy,grid_correct,grid_total,cell_correct,cell_total,copy_rate,change_recall,transformation_quality
19,C1,31,0.9615,85.2880,1,104,12377,14512,0.1718,0.6190,0.107926
19,S2,7,0.0000,76.0328,0,23,4730,6221,0.0650,0.8789,0.353227
19,S3,82,0.0000,90.8057,0,231,71287,78505,0.4091,0.6513,0.321191
