epoch,category,task_count,grid_accuracy,cell_accuracy,grid_correct,grid_total,cell_correct,cell_total,copy_rate,change_recall,transformation_quality
99,C1,31,0.0000,81.6979,0,104,11856,14512,0.1687,0.6263,0.098466
99,S2,7,0.0000,70.1173,0,23,4362,6221,0.0690,0.8671,0.319319
99,S3,82,0.0000,88.8122,0,231,69722,78505,0.4252,0.6145,0.284669
