epoch,category,task_count,grid_accuracy,cell_accuracy,grid_correct,grid_total,cell_correct,cell_total,copy_rate,change_recall,transformation_quality
16,C1,31,0.0000,85.8738,0,104,12462,14512,0.1703,0.6287,0.111003
16,S2,7,0.0000,76.3382,0,23,4749,6221,0.0662,0.8841,0.353095
16,S3,82,0.0000,91.2643,0,231,71647,78505,0.4091,0.6640,0.329251
