epoch,category,task_count,grid_accuracy,cell_accuracy,grid_correct,grid_total,cell_correct,cell_total,copy_rate,change_recall,transformation_quality
29,C1,31,0.9615,84.5783,1,104,12274,14512,0.1708,0.6438,0.106710
29,S2,7,0.0000,74.0878,0,23,4609,6221,0.0667,0.8790,0.342570
29,S3,82,0.0000,90.6006,0,231,71126,78505,0.4102,0.6523,0.320185
