epoch,category,task_count,grid_accuracy,cell_accuracy,grid_correct,grid_total,cell_correct,cell_total,copy_rate,change_recall,transformation_quality
76,C1,31,0.0000,82.2354,0,104,11934,14512,0.1705,0.6080,0.098787
76,S2,7,0.0000,70.5192,0,23,4387,6221,0.0690,0.8681,0.323611
76,S3,82,0.0000,89.2440,0,231,70061,78505,0.4222,0.6192,0.293998
