epoch,category,task_count,grid_accuracy,cell_accuracy,grid_correct,grid_total,cell_correct,cell_total,copy_rate,change_recall,transformation_quality
6,C1,31,0.9615,86.3286,1,104,12528,14512,0.1736,0.5939,0.110383
6,S2,7,0.0000,77.3670,0,23,4813,6221,0.0755,0.8393,0.349252
6,S3,82,0.0000,91.4961,0,231,71829,78505,0.4275,0.6400,0.323616
