epoch,category,task_count,grid_accuracy,cell_accuracy,grid_correct,grid_total,cell_correct,cell_total,copy_rate,change_recall,transformation_quality
42,C1,31,0.9615,83.4964,1,104,12117,14512,0.1711,0.6182,0.102679
42,S2,7,0.0000,72.7697,0,23,4527,6221,0.0711,0.8682,0.334373
42,S3,82,0.0000,89.9217,0,231,70593,78505,0.4133,0.6466,0.309503
