epoch,category,task_count,grid_accuracy,cell_accuracy,grid_correct,grid_total,cell_correct,cell_total,copy_rate,change_recall,transformation_quality
77,C1,31,0.0000,82.4214,0,104,11961,14512,0.1707,0.6074,0.098898
77,S2,7,0.0000,70.9050,0,23,4411,6221,0.0682,0.8689,0.325653
77,S3,82,0.0000,89.3000,0,231,70105,78505,0.4200,0.6250,0.296799
