epoch,category,task_count,grid_accuracy,cell_accuracy,grid_correct,grid_total,cell_correct,cell_total,copy_rate,change_recall,transformation_quality
69,C1,31,0.9615,82.8349,1,104,12021,14512,0.1700,0.6211,0.101844
69,S2,7,0.0000,70.8246,0,23,4406,6221,0.0710,0.8642,0.324134
69,S3,82,0.0000,89.6147,0,231,70352,78505,0.4182,0.6393,0.300295
