epoch,category,task_count,grid_accuracy,cell_accuracy,grid_correct,grid_total,cell_correct,cell_total,copy_rate,change_recall,transformation_quality
72,C1,31,0.0000,82.3732,0,104,11954,14512,0.1709,0.6131,0.099251
72,S2,7,0.0000,70.8889,0,23,4410,6221,0.0691,0.8650,0.324681
72,S3,82,0.0000,89.1090,0,231,69955,78505,0.4209,0.6267,0.291699
