epoch,category,task_count,grid_accuracy,cell_accuracy,grid_correct,grid_total,cell_correct,cell_total,copy_rate,change_recall,transformation_quality
8,C1,31,0.9615,86.4664,1,104,12548,14512,0.1715,0.6185,0.112384
8,S2,7,0.0000,77.2062,0,23,4803,6221,0.0652,0.8754,0.357798
8,S3,82,0.0000,91.5585,0,231,71878,78505,0.4209,0.6541,0.325480
