epoch,category,task_count,grid_accuracy,cell_accuracy,grid_correct,grid_total,cell_correct,cell_total,copy_rate,change_recall,transformation_quality
73,C1,31,0.0000,81.4774,0,104,11824,14512,0.1696,0.6098,0.097950
73,S2,7,0.0000,70.8568,0,23,4408,6221,0.0693,0.8669,0.325854
73,S3,82,0.0000,89.1829,0,231,70013,78505,0.4158,0.6330,0.298474
