epoch,category,task_count,grid_accuracy,cell_accuracy,grid_correct,grid_total,cell_correct,cell_total,copy_rate,change_recall,transformation_quality
10,C1,31,0.9615,86.6249,1,104,12571,14512,0.1708,0.6315,0.113226
10,S2,7,0.0000,77.4313,0,23,4817,6221,0.0643,0.8809,0.359035
10,S3,82,0.0000,91.5292,0,231,71855,78505,0.4111,0.6691,0.332553
