epoch,category,task_count,grid_accuracy,cell_accuracy,grid_correct,grid_total,cell_correct,cell_total,copy_rate,change_recall,transformation_quality
84,C1,31,0.0000,65.2288,0,104,9466,14512,0.1593,0.5673,0.065677
84,S2,7,0.0000,63.3178,0,23,3939,6221,0.0610,0.8832,0.295531
84,S3,82,0.0000,73.6565,0,231,57824,78505,0.3645,0.5835,0.214466
