epoch,category,task_count,grid_accuracy,cell_accuracy,grid_correct,grid_total,cell_correct,cell_total,copy_rate,change_recall,transformation_quality
41,C1,31,0.0000,67.5648,0,104,9805,14512,0.1601,0.5515,0.068840
41,S2,7,0.0000,63.5589,0,23,3954,6221,0.0610,0.8836,0.295128
41,S3,82,0.0000,73.6921,0,231,57852,78505,0.3634,0.5772,0.213245
