epoch,category,task_count,grid_accuracy,cell_accuracy,grid_correct,grid_total,cell_correct,cell_total,copy_rate,change_recall,transformation_quality
98,C1,31,0.0000,67.3443,0,104,9773,14512,0.1560,0.5844,0.071738
98,S2,7,0.0000,65.3753,0,23,4067,6221,0.0621,0.8811,0.305644
98,S3,82,0.0000,72.8718,0,231,57208,78505,0.3720,0.5720,0.200456
