epoch,category,task_count,grid_accuracy,cell_accuracy,grid_correct,grid_total,cell_correct,cell_total,copy_rate,change_recall,transformation_quality
24,C1,31,0.0000,67.7026,0,104,9825,14512,0.1565,0.5631,0.072070
24,S2,7,0.0000,64.0412,0,23,3984,6221,0.0567,0.9134,0.301663
24,S3,82,0.0000,73.2896,0,231,57536,78505,0.3523,0.5820,0.219129
