epoch,category,task_count,grid_accuracy,cell_accuracy,grid_correct,grid_total,cell_correct,cell_total,copy_rate,change_recall,transformation_quality
70,C1,31,0.0000,66.8619,0,104,9703,14512,0.1594,0.5652,0.067688
70,S2,7,0.0000,63.2053,0,23,3932,6221,0.0609,0.8858,0.294677
70,S3,82,0.0000,73.1469,0,231,57424,78505,0.3655,0.5839,0.212321
