epoch,category,task_count,grid_accuracy,cell_accuracy,grid_correct,grid_total,cell_correct,cell_total,copy_rate,change_recall,transformation_quality
14,C1,31,0.0000,67.2271,0,104,9756,14512,0.1578,0.5755,0.069767
14,S2,7,0.0000,63.1892,0,23,3931,6221,0.0579,0.9059,0.295228
14,S3,82,0.0000,74.1736,0,231,58230,78505,0.3610,0.5909,0.223909
