epoch,category,task_count,grid_accuracy,cell_accuracy,grid_correct,grid_total,cell_correct,cell_total,copy_rate,change_recall,transformation_quality
47,C1,31,0.0000,67.4545,0,104,9789,14512,0.1585,0.5616,0.069912
47,S2,7,0.0000,62.5301,0,23,3890,6221,0.0593,0.8825,0.293533
47,S3,82,0.0000,73.8144,0,231,57948,78505,0.3599,0.5862,0.215635
