epoch,category,task_count,grid_accuracy,cell_accuracy,grid_correct,grid_total,cell_correct,cell_total,copy_rate,change_recall,transformation_quality
20,C1,31,0.0000,67.6681,0,104,9820,14512,0.1569,0.5642,0.070702
20,S2,7,0.0000,60.3922,0,23,3757,6221,0.0592,0.8920,0.280688
20,S3,82,0.0000,72.8323,0,231,57177,78505,0.3562,0.5805,0.211495
