epoch,category,task_count,grid_accuracy,cell_accuracy,grid_correct,grid_total,cell_correct,cell_total,copy_rate,change_recall,transformation_quality
75,C1,31,0.0000,66.7103,0,104,9681,14512,0.1591,0.5655,0.066990
75,S2,7,0.0000,64.7967,0,23,4031,6221,0.0620,0.8782,0.301619
75,S3,82,0.0000,73.3788,0,231,57606,78505,0.3583,0.5940,0.214183
