epoch,category,task_count,grid_accuracy,cell_accuracy,grid_correct,grid_total,cell_correct,cell_total,copy_rate,change_recall,transformation_quality
50,C1,31,0.0000,67.7853,0,104,9837,14512,0.1616,0.5471,0.068661
50,S2,7,0.0000,64.7324,0,23,4027,6221,0.0600,0.8904,0.303313
50,S3,82,0.0000,73.6628,0,231,57829,78505,0.3617,0.5818,0.212943
