epoch,category,task_count,grid_accuracy,cell_accuracy,grid_correct,grid_total,cell_correct,cell_total,copy_rate,change_recall,transformation_quality
42,C1,31,0.0000,67.2340,0,104,9757,14512,0.1613,0.5453,0.067967
42,S2,7,0.0000,59.3956,0,23,3695,6221,0.0598,0.8830,0.280645
42,S3,82,0.0000,73.4921,0,231,57695,78505,0.3612,0.5864,0.216457
