epoch,category,task_count,grid_accuracy,cell_accuracy,grid_correct,grid_total,cell_correct,cell_total,copy_rate,change_recall,transformation_quality
46,C1,31,0.0000,67.5648,0,104,9805,14512,0.1571,0.5626,0.072459
46,S2,7,0.0000,63.2213,0,23,3933,6221,0.0597,0.8794,0.295237
46,S3,82,0.0000,74.0462,0,231,58130,78505,0.3596,0.5910,0.219570
