epoch,category,task_count,grid_accuracy,cell_accuracy,grid_correct,grid_total,cell_correct,cell_total,copy_rate,change_recall,transformation_quality
78,C1,31,0.0000,66.2900,0,104,9620,14512,0.1555,0.5712,0.069262
78,S2,7,0.0000,62.2086,0,23,3870,6221,0.0626,0.8763,0.291374
78,S3,82,0.0000,72.3011,0,231,56760,78505,0.3643,0.5816,0.206338
