epoch,category,task_count,grid_accuracy,cell_accuracy,grid_correct,grid_total,cell_correct,cell_total,copy_rate,change_recall,transformation_quality
9,C1,31,0.0000,67.2960,0,104,9766,14512,0.1540,0.6034,0.073044
9,S2,7,0.0000,62.2569,0,23,3873,6221,0.0590,0.8939,0.291588
9,S3,82,0.0000,74.2602,0,231,58298,78505,0.3525,0.6103,0.226035
