epoch,category,task_count,grid_accuracy,cell_accuracy,grid_correct,grid_total,cell_correct,cell_total,copy_rate,change_recall,transformation_quality
52,C1,31,0.0000,67.7439,0,104,9831,14512,0.1603,0.5596,0.069697
52,S2,7,0.0000,63.6232,0,23,3958,6221,0.0625,0.8727,0.295017
52,S3,82,0.0000,73.7928,0,231,57931,78505,0.3607,0.5872,0.216494
