epoch,category,task_count,grid_accuracy,cell_accuracy,grid_correct,grid_total,cell_correct,cell_total,copy_rate,change_recall,transformation_quality
87,C1,31,0.0000,66.7585,0,104,9688,14512,0.1588,0.5737,0.068099
87,S2,7,0.0000,64.2823,0,23,3999,6221,0.0580,0.8937,0.301848
87,S3,82,0.0000,73.3023,0,231,57546,78505,0.3650,0.5881,0.209262
