epoch,category,task_count,grid_accuracy,cell_accuracy,grid_correct,grid_total,cell_correct,cell_total,copy_rate,change_recall,transformation_quality
82,C1,31,0.0000,66.5243,0,104,9654,14512,0.1586,0.5640,0.066857
82,S2,7,0.0000,64.2019,0,23,3994,6221,0.0609,0.8835,0.300550
82,S3,82,0.0000,73.2552,0,231,57509,78505,0.3649,0.5863,0.208943
