epoch,category,task_count,grid_accuracy,cell_accuracy,grid_correct,grid_total,cell_correct,cell_total,copy_rate,change_recall,transformation_quality
36,C1,31,0.0000,67.7095,0,104,9826,14512,0.1566,0.5528,0.072656
36,S2,7,0.0000,63.7036,0,23,3963,6221,0.0581,0.8830,0.296909
36,S3,82,0.0000,73.6437,0,231,57814,78505,0.3514,0.6107,0.223169
