epoch,category,task_count,grid_accuracy,cell_accuracy,grid_correct,grid_total,cell_correct,cell_total,copy_rate,change_recall,transformation_quality
38,C1,31,0.0000,67.3925,0,104,9780,14512,0.1567,0.5724,0.068790
38,S2,7,0.0000,63.8804,0,23,3974,6221,0.0585,0.8998,0.296910
38,S3,82,0.0000,73.3890,0,231,57614,78505,0.3591,0.5762,0.213747
