epoch,category,task_count,grid_accuracy,cell_accuracy,grid_correct,grid_total,cell_correct,cell_total,copy_rate,change_recall,transformation_quality
35,C1,31,0.0000,67.5510,0,104,9803,14512,0.1577,0.5569,0.071228
35,S2,7,0.0000,63.3178,0,23,3939,6221,0.0596,0.8903,0.293499
35,S3,82,0.0000,73.6870,0,231,57848,78505,0.3652,0.5675,0.214603
