epoch,category,task_count,grid_accuracy,cell_accuracy,grid_correct,grid_total,cell_correct,cell_total,copy_rate,change_recall,transformation_quality
22,C1,31,0.0000,67.9576,0,104,9862,14512,0.1557,0.5787,0.072349
22,S2,7,0.0000,64.5716,0,23,4017,6221,0.0587,0.8983,0.301247
22,S3,82,0.0000,74.0704,0,231,58149,78505,0.3630,0.5765,0.216562
