epoch,category,task_count,grid_accuracy,cell_accuracy,grid_correct,grid_total,cell_correct,cell_total,copy_rate,change_recall,transformation_quality
76,C1,31,0.0000,66.6207,0,104,9668,14512,0.1584,0.5702,0.067882
76,S2,7,0.0000,64.4752,0,23,4011,6221,0.0623,0.8786,0.300184
76,S3,82,0.0000,73.1839,0,231,57453,78505,0.3596,0.5926,0.213504
