epoch,category,task_count,grid_accuracy,cell_accuracy,grid_correct,grid_total,cell_correct,cell_total,copy_rate,change_recall,transformation_quality
21,C1,31,0.0000,67.2133,0,104,9754,14512,0.1584,0.5616,0.068363
21,S2,7,0.0000,64.4912,0,23,4012,6221,0.0575,0.9012,0.302097
21,S3,82,0.0000,73.9545,0,231,58058,78505,0.3611,0.5749,0.216740
