epoch,category,task_count,grid_accuracy,cell_accuracy,grid_correct,grid_total,cell_correct,cell_total,copy_rate,change_recall,transformation_quality
1,C1,31,0.0000,66.6069,0,104,9666,14512,0.1617,0.5619,0.064864
1,S2,7,0.0000,64.4109,0,23,4007,6221,0.0596,0.8826,0.299131
1,S3,82,0.0000,72.6845,0,231,57061,78505,0.3659,0.5655,0.203268
