epoch,category,task_count,grid_accuracy,cell_accuracy,grid_correct,grid_total,cell_correct,cell_total,copy_rate,change_recall,transformation_quality
91,C1,31,0.0000,66.2417,0,104,9613,14512,0.1616,0.5551,0.063816
91,S2,7,0.0000,63.4464,0,23,3947,6221,0.0622,0.8798,0.294754
91,S3,82,0.0000,73.2679,0,231,57519,78505,0.3737,0.5723,0.204678
