epoch,category,task_count,grid_accuracy,cell_accuracy,grid_correct,grid_total,cell_correct,cell_total,copy_rate,change_recall,transformation_quality
67,C1,31,0.0000,66.3244,0,104,9625,14512,0.1593,0.5636,0.065979
67,S2,7,0.0000,56.8397,0,23,3536,6221,0.0577,0.8880,0.267066
67,S3,82,0.0000,72.9419,0,231,57263,78505,0.3613,0.5943,0.208870
