epoch,category,task_count,grid_accuracy,cell_accuracy,grid_correct,grid_total,cell_correct,cell_total,copy_rate,change_recall,transformation_quality
64,C1,31,0.0000,66.6483,0,104,9672,14512,0.1574,0.5765,0.068185
64,S2,7,0.0000,62.3694,0,23,3880,6221,0.0584,0.8890,0.293426
64,S3,82,0.0000,72.9610,0,231,57278,78505,0.3617,0.5834,0.210922
