epoch,category,task_count,grid_accuracy,cell_accuracy,grid_correct,grid_total,cell_correct,cell_total,copy_rate,change_recall,transformation_quality
81,C1,31,0.0000,66.9170,0,104,9711,14512,0.1589,0.5674,0.067672
81,S2,7,0.0000,64.2180,0,23,3995,6221,0.0610,0.8794,0.300219
81,S3,82,0.0000,73.2921,0,231,57538,78505,0.3696,0.5832,0.207022
