epoch,category,task_count,grid_accuracy,cell_accuracy,grid_correct,grid_total,cell_correct,cell_total,copy_rate,change_recall,transformation_quality
61,C1,31,0.0000,66.2486,0,104,9614,14512,0.1589,0.5673,0.065848
61,S2,7,0.0000,63.5589,0,23,3954,6221,0.0598,0.8874,0.295898
61,S3,82,0.0000,72.7126,0,231,57083,78505,0.3649,0.5813,0.206840
