epoch,category,task_count,grid_accuracy,cell_accuracy,grid_correct,grid_total,cell_correct,cell_total,copy_rate,change_recall,transformation_quality
26,C1,31,0.0000,67.1651,0,104,9747,14512,0.1576,0.5780,0.068760
26,S2,7,0.0000,64.7967,0,23,4031,6221,0.0569,0.9064,0.304725
26,S3,82,0.0000,73.5698,0,231,57756,78505,0.3590,0.5878,0.219287
