epoch,category,task_count,grid_accuracy,cell_accuracy,grid_correct,grid_total,cell_correct,cell_total,copy_rate,change_recall,transformation_quality
95,C1,31,0.0000,66.5174,0,104,9653,14512,0.1577,0.5715,0.068055
95,S2,7,0.0000,63.8965,0,23,3975,6221,0.0597,0.8861,0.297126
95,S3,82,0.0000,72.6782,0,231,57056,78505,0.3712,0.5806,0.201164
