epoch,category,task_count,grid_accuracy,cell_accuracy,grid_correct,grid_total,cell_correct,cell_total,copy_rate,change_recall,transformation_quality
30,C1,31,0.0000,66.2417,0,104,9613,14512,0.1552,0.5755,0.070864
30,S2,7,0.0000,59.9904,0,23,3732,6221,0.0616,0.8905,0.278419
30,S3,82,0.0000,71.3611,0,231,56022,78505,0.3529,0.5839,0.210976
