epoch,category,task_count,grid_accuracy,cell_accuracy,grid_correct,grid_total,cell_correct,cell_total,copy_rate,change_recall,transformation_quality
77,C1,31,0.0000,66.7379,0,104,9685,14512,0.1584,0.5751,0.067655
77,S2,7,0.0000,64.3626,0,23,4004,6221,0.0623,0.8794,0.299488
77,S3,82,0.0000,73.3367,0,231,57573,78505,0.3592,0.5956,0.214150
