epoch,category,task_count,grid_accuracy,cell_accuracy,grid_correct,grid_total,cell_correct,cell_total,copy_rate,change_recall,transformation_quality
74,C1,31,0.0000,67.3649,0,104,9776,14512,0.1601,0.5663,0.068361
74,S2,7,0.0000,64.0733,0,23,3986,6221,0.0633,0.8826,0.299269
74,S3,82,0.0000,73.3890,0,231,57614,78505,0.3587,0.5905,0.214003
