epoch,category,task_count,grid_accuracy,cell_accuracy,grid_correct,grid_total,cell_correct,cell_total,copy_rate,change_recall,transformation_quality
57,C1,31,0.0000,67.4545,0,104,9789,14512,0.1579,0.5693,0.071784
57,S2,7,0.0000,60.9227,0,23,3790,6221,0.0605,0.8856,0.287050
57,S3,82,0.0000,73.0438,0,231,57343,78505,0.3697,0.5646,0.206028
