epoch,category,task_count,grid_accuracy,cell_accuracy,grid_correct,grid_total,cell_correct,cell_total,copy_rate,change_recall,transformation_quality
56,C1,31,0.0000,66.9170,0,104,9711,14512,0.1570,0.5644,0.069241
56,S2,7,0.0000,60.6012,0,23,3770,6221,0.0613,0.8804,0.282216
56,S3,82,0.0000,73.4297,0,231,57646,78505,0.3601,0.5894,0.217109
