epoch,category,task_count,grid_accuracy,cell_accuracy,grid_correct,grid_total,cell_correct,cell_total,copy_rate,change_recall,transformation_quality
82,C1,31,0.0000,67.8749,0,104,9850,14512,0.1562,0.5781,0.071694
82,S2,7,0.0000,62.5462,0,23,3891,6221,0.0616,0.8723,0.288375
82,S3,82,0.0000,73.8832,0,231,58002,78505,0.3839,0.5561,0.204433
