epoch,category,task_count,grid_accuracy,cell_accuracy,grid_correct,grid_total,cell_correct,cell_total,copy_rate,change_recall,transformation_quality
12,C1,31,0.0000,67.1582,0,104,9746,14512,0.1592,0.5675,0.068092
12,S2,7,0.0000,65.0538,0,23,4047,6221,0.0591,0.8849,0.302992
12,S3,82,0.0000,74.8156,0,231,58734,78505,0.3852,0.5628,0.212202
