epoch,category,task_count,grid_accuracy,cell_accuracy,grid_correct,grid_total,cell_correct,cell_total,copy_rate,change_recall,transformation_quality
88,C1,31,0.0000,67.6888,0,104,9823,14512,0.1562,0.5750,0.071472
88,S2,7,0.0000,63.7036,0,23,3963,6221,0.0620,0.8792,0.296169
88,S3,82,0.0000,74.0628,0,231,58143,78505,0.3868,0.5542,0.201723
