epoch,category,task_count,grid_accuracy,cell_accuracy,grid_correct,grid_total,cell_correct,cell_total,copy_rate,change_recall,transformation_quality
49,C1,31,0.0000,67.2822,0,104,9764,14512,0.1524,0.6157,0.074904
49,S2,7,0.0000,60.3279,0,23,3753,6221,0.0600,0.8775,0.279487
49,S3,82,0.0000,72.9075,0,231,57236,78505,0.3787,0.5673,0.201529
