epoch,category,task_count,grid_accuracy,cell_accuracy,grid_correct,grid_total,cell_correct,cell_total,copy_rate,change_recall,transformation_quality
31,C1,31,0.0000,67.1996,0,104,9752,14512,0.1524,0.6008,0.073106
31,S2,7,0.0000,64.4109,0,23,4007,6221,0.0598,0.8807,0.297839
31,S3,82,0.0000,74.5201,0,231,58502,78505,0.3721,0.5873,0.217551
