epoch,category,task_count,grid_accuracy,cell_accuracy,grid_correct,grid_total,cell_correct,cell_total,copy_rate,change_recall,transformation_quality
4,C1,31,0.0000,68.6397,0,104,9961,14512,0.1609,0.5857,0.070453
4,S2,7,0.0000,65.3914,0,23,4068,6221,0.0604,0.8899,0.302387
4,S3,82,0.0000,74.5609,0,231,58534,78505,0.3754,0.5767,0.218285
