epoch,category,task_count,grid_accuracy,cell_accuracy,grid_correct,grid_total,cell_correct,cell_total,copy_rate,change_recall,transformation_quality
51,C1,31,0.0000,68.3159,0,104,9914,14512,0.1579,0.5775,0.072325
51,S2,7,0.0000,63.1249,0,23,3927,6221,0.0607,0.8779,0.291582
51,S3,82,0.0000,74.2602,0,231,58298,78505,0.3888,0.5574,0.206591
