epoch,category,task_count,grid_accuracy,cell_accuracy,grid_correct,grid_total,cell_correct,cell_total,copy_rate,change_recall,transformation_quality
55,C1,31,0.0000,67.1444,0,104,9744,14512,0.1558,0.5770,0.069744
55,S2,7,0.0000,61.9997,0,23,3857,6221,0.0603,0.8804,0.288520
55,S3,82,0.0000,73.2781,0,231,57527,78505,0.3820,0.5594,0.201063
