epoch,category,task_count,grid_accuracy,cell_accuracy,grid_correct,grid_total,cell_correct,cell_total,copy_rate,change_recall,transformation_quality
2,C1,31,0.0000,67.5028,0,104,9796,14512,0.1603,0.5472,0.067926
2,S2,7,0.0000,59.8778,0,23,3725,6221,0.0566,0.8862,0.276402
2,S3,82,0.0000,73.1609,0,231,57435,78505,0.3671,0.5839,0.214232
