epoch,category,task_count,grid_accuracy,cell_accuracy,grid_correct,grid_total,cell_correct,cell_total,copy_rate,change_recall,transformation_quality
8,C1,31,0.0000,67.9369,0,104,9859,14512,0.1580,0.6035,0.071003
8,S2,7,0.0000,61.9836,0,23,3856,6221,0.0573,0.8908,0.289645
8,S3,82,0.0000,74.0526,0,231,58135,78505,0.3724,0.5746,0.217154
