epoch,category,task_count,grid_accuracy,cell_accuracy,grid_correct,grid_total,cell_correct,cell_total,copy_rate,change_recall,transformation_quality
47,C1,31,0.0000,68.2470,0,104,9904,14512,0.1540,0.6006,0.074481
47,S2,7,0.0000,62.0640,0,23,3861,6221,0.0598,0.8866,0.287644
47,S3,82,0.0000,74.3800,0,231,58392,78505,0.3866,0.5591,0.208409
