epoch,category,task_count,grid_accuracy,cell_accuracy,grid_correct,grid_total,cell_correct,cell_total,copy_rate,change_recall,transformation_quality
96,C1,31,0.0000,67.7784,0,104,9836,14512,0.1619,0.5599,0.068082
96,S2,7,0.0000,62.4658,0,23,3886,6221,0.0595,0.8704,0.287458
96,S3,82,0.0000,74.0934,0,231,58167,78505,0.3859,0.5593,0.203308
