epoch,category,task_count,grid_accuracy,cell_accuracy,grid_correct,grid_total,cell_correct,cell_total,copy_rate,change_recall,transformation_quality
86,C1,31,0.0000,67.7715,0,104,9835,14512,0.1563,0.5654,0.070566
86,S2,7,0.0000,64.6359,0,23,4021,6221,0.0650,0.8644,0.297070
86,S3,82,0.0000,74.3520,0,231,58370,78505,0.3853,0.5679,0.205744
