epoch,category,task_count,grid_accuracy,cell_accuracy,grid_correct,grid_total,cell_correct,cell_total,copy_rate,change_recall,transformation_quality
76,C1,31,0.0000,67.6612,0,104,9819,14512,0.1543,0.5849,0.072894
76,S2,7,0.0000,61.8389,0,23,3847,6221,0.0593,0.8883,0.286795
76,S3,82,0.0000,73.7112,0,231,57867,78505,0.3820,0.5563,0.202316
