epoch,category,task_count,grid_accuracy,cell_accuracy,grid_correct,grid_total,cell_correct,cell_total,copy_rate,change_recall,transformation_quality
89,C1,31,0.0000,67.5923,0,104,9809,14512,0.1558,0.5761,0.071100
89,S2,7,0.0000,62.6266,0,23,3896,6221,0.0615,0.8773,0.290390
89,S3,82,0.0000,74.0526,0,231,58135,78505,0.3865,0.5548,0.201772
