epoch,category,task_count,grid_accuracy,cell_accuracy,grid_correct,grid_total,cell_correct,cell_total,copy_rate,change_recall,transformation_quality
6,C1,31,0.0000,67.2064,0,104,9753,14512,0.1539,0.6166,0.071828
6,S2,7,0.0000,66.4363,0,23,4133,6221,0.0561,0.9013,0.309130
6,S3,82,0.0000,74.2793,0,231,58313,78505,0.3731,0.5944,0.219383
