epoch,category,task_count,grid_accuracy,cell_accuracy,grid_correct,grid_total,cell_correct,cell_total,copy_rate,change_recall,transformation_quality
95,C1,31,0.0000,67.2960,0,104,9766,14512,0.1588,0.5639,0.068951
95,S2,7,0.0000,62.4337,0,23,3884,6221,0.0615,0.8695,0.288085
95,S3,82,0.0000,74.5494,0,231,58525,78505,0.3868,0.5559,0.202907
