epoch,category,task_count,grid_accuracy,cell_accuracy,grid_correct,grid_total,cell_correct,cell_total,copy_rate,change_recall,transformation_quality
64,C1,31,0.0000,67.6750,0,104,9821,14512,0.1550,0.5841,0.072296
64,S2,7,0.0000,61.5496,0,23,3829,6221,0.0600,0.8832,0.284460
64,S3,82,0.0000,74.0832,0,231,58159,78505,0.3850,0.5595,0.206127
