epoch,category,task_count,grid_accuracy,cell_accuracy,grid_correct,grid_total,cell_correct,cell_total,copy_rate,change_recall,transformation_quality
44,C1,31,0.0000,67.9300,0,104,9858,14512,0.1590,0.5621,0.070692
44,S2,7,0.0000,62.4819,0,23,3887,6221,0.0616,0.8778,0.288663
44,S3,82,0.0000,74.5226,0,231,58504,78505,0.3853,0.5584,0.211851
