epoch,category,task_count,grid_accuracy,cell_accuracy,grid_correct,grid_total,cell_correct,cell_total,copy_rate,change_recall,transformation_quality
74,C1,31,0.0000,67.4270,0,104,9785,14512,0.1563,0.5588,0.071611
74,S2,7,0.0000,61.8229,0,23,3846,6221,0.0599,0.8894,0.287611
74,S3,82,0.0000,72.5877,0,231,56985,78505,0.3834,0.5511,0.196987
