epoch,category,task_count,grid_accuracy,cell_accuracy,grid_correct,grid_total,cell_correct,cell_total,copy_rate,change_recall,transformation_quality
15,C1,31,0.0000,68.0058,0,104,9869,14512,0.1598,0.5883,0.069339
15,S2,7,0.0000,64.2823,0,23,3999,6221,0.0626,0.8662,0.295955
15,S3,82,0.0000,74.4781,0,231,58469,78505,0.3730,0.5856,0.218122
