epoch,category,task_count,grid_accuracy,cell_accuracy,grid_correct,grid_total,cell_correct,cell_total,copy_rate,change_recall,transformation_quality
16,C1,31,0.0000,67.8335,0,104,9844,14512,0.1572,0.5902,0.071795
16,S2,7,0.0000,64.2823,0,23,3999,6221,0.0605,0.8748,0.296785
16,S3,82,0.0000,74.6551,0,231,58608,78505,0.3737,0.5798,0.219490
