epoch,category,task_count,grid_accuracy,cell_accuracy,grid_correct,grid_total,cell_correct,cell_total,copy_rate,change_recall,transformation_quality
52,C1,31,0.0000,67.9782,0,104,9865,14512,0.1544,0.5898,0.073958
52,S2,7,0.0000,62.3212,0,23,3877,6221,0.0583,0.8880,0.290380
52,S3,82,0.0000,74.3163,0,231,58342,78505,0.3880,0.5567,0.207568
