epoch,category,task_count,grid_accuracy,cell_accuracy,grid_correct,grid_total,cell_correct,cell_total,copy_rate,change_recall,transformation_quality
56,C1,31,0.0000,67.0617,0,104,9732,14512,0.1574,0.5755,0.068876
56,S2,7,0.0000,60.2636,0,23,3749,6221,0.0611,0.8764,0.280397
56,S3,82,0.0000,74.1545,0,231,58215,78505,0.3842,0.5641,0.206144
