epoch,category,task_count,grid_accuracy,cell_accuracy,grid_correct,grid_total,cell_correct,cell_total,copy_rate,change_recall,transformation_quality
3,C1,31,0.0000,68.2194,0,104,9900,14512,0.1597,0.5560,0.069464
3,S2,7,0.0000,64.8931,0,23,4037,6221,0.0580,0.8862,0.299830
3,S3,82,0.0000,73.1839,0,231,57453,78505,0.3753,0.5756,0.208433
