epoch,category,task_count,grid_accuracy,cell_accuracy,grid_correct,grid_total,cell_correct,cell_total,copy_rate,change_recall,transformation_quality
1,A2,1,0.0000,48.1419,0,400,74618,154996,0.1636,1.0000,0.168120
1,C1,71,4.0655,70.6649,1139,28016,4528569,6408516,0.2878,0.6237,0.200676
1,S2,4,0.0000,69.0598,0,1600,297497,430782,0.3062,0.8719,0.590325
1,S3,16,0.2188,64.3558,14,6400,951157,1477967,0.2525,0.7210,0.216378
