epoch,category,task_count,grid_accuracy,cell_accuracy,grid_correct,grid_total,cell_correct,cell_total,copy_rate,change_recall,transformation_quality
4,A2,1,0.0000,53.9601,0,400,83636,154996,0.1833,1.0000,0.192206
4,C1,71,4.0655,71.5316,1139,28016,4584111,6408516,0.2859,0.6194,0.202758
4,S2,4,0.0000,64.9317,0,1600,279714,430782,0.3224,0.8488,0.553232
4,S3,16,0.2188,63.3511,14,6400,936308,1477967,0.2568,0.7112,0.212302
