epoch,category,task_count,grid_accuracy,cell_accuracy,grid_correct,grid_total,cell_correct,cell_total,copy_rate,change_recall,transformation_quality
2,A2,1,0.0000,54.0317,0,400,83747,154996,0.1839,1.0000,0.192087
2,C1,71,4.0655,71.1742,1139,28016,4561212,6408516,0.2879,0.6164,0.201252
2,S2,4,0.0000,67.4608,0,1600,290609,430782,0.3206,0.8516,0.577259
2,S3,16,0.2188,63.8510,14,6400,943697,1477967,0.2561,0.7054,0.213785
