epoch,category,task_count,grid_accuracy,cell_accuracy,grid_correct,grid_total,cell_correct,cell_total,copy_rate,change_recall,transformation_quality
3,A2,1,0.0000,54.1653,0,400,83954,154996,0.1841,1.0000,0.192678
3,C1,71,4.0655,70.7250,1139,28016,4532424,6408516,0.2874,0.6097,0.197670
3,S2,4,0.0000,65.7618,0,1600,283290,430782,0.3258,0.8459,0.561271
3,S3,16,0.2188,65.0184,14,6400,960951,1477967,0.2601,0.7000,0.214933
