epoch,category,task_count,grid_accuracy,cell_accuracy,grid_correct,grid_total,cell_correct,cell_total,copy_rate,change_recall,transformation_quality
6,A2,1,0.0000,51.0942,0,400,79194,154996,0.1737,1.0000,0.180365
6,C1,71,4.0655,71.3071,1139,28016,4569725,6408516,0.2846,0.6290,0.203284
6,S2,4,0.0000,67.6205,0,1600,291297,430782,0.3152,0.8602,0.581178
6,S3,16,0.2188,66.4064,14,6400,981464,1477967,0.2515,0.7235,0.223550
