epoch,category,task_count,grid_accuracy,cell_accuracy,grid_correct,grid_total,cell_correct,cell_total,copy_rate,change_recall,transformation_quality
5,A2,1,0.0000,53.9266,0,400,83584,154996,0.1831,1.0000,0.191857
5,C1,71,4.0655,72.2163,1139,28016,4627990,6408516,0.2864,0.6235,0.205091
5,S2,4,0.0000,65.4948,0,1600,282140,430782,0.3252,0.8472,0.559103
5,S3,16,0.2188,64.6198,14,6400,955059,1477967,0.2590,0.7057,0.216367
