epoch,category,task_count,grid_accuracy,cell_accuracy,grid_correct,grid_total,cell_correct,cell_total,copy_rate,change_recall,transformation_quality
0,A2,1,0.0000,54.0143,0,400,83720,154996,0.1835,1.0000,0.192196
0,C1,71,4.0655,70.4240,1139,28016,4513134,6408516,0.2838,0.6304,0.203411
0,S2,4,0.0000,70.0668,0,1600,301835,430782,0.3177,0.8599,0.599501
0,S3,16,0.2188,65.5465,14,6400,968756,1477967,0.2518,0.7322,0.218652
