epoch,category,task_count,grid_accuracy,cell_accuracy,grid_correct,grid_total,cell_correct,cell_total,copy_rate,change_recall,transformation_quality
14,A2,1,0.0000,14.1965,0,400,22004,154996,0.0587,0.9302,0.046439
14,C1,71,0.8352,14.1458,234,28016,906537,6408516,0.0633,0.9045,0.050694
14,S2,4,0.0000,16.5961,0,1600,71493,430782,0.0908,0.9473,0.151930
14,S3,16,0.0625,15.0064,4,6400,221790,1477967,0.0691,0.8925,0.053582
