epoch,category,task_count,grid_accuracy,cell_accuracy,grid_correct,grid_total,cell_correct,cell_total,copy_rate,change_recall,transformation_quality
8,A2,1,0.0000,47.3309,0,400,73361,154996,0.1603,1.0000,0.165413
8,C1,71,4.0655,68.6775,1139,28016,4401211,6408516,0.2757,0.6467,0.200165
8,S2,4,0.0000,65.0703,0,1600,280311,430782,0.3122,0.8600,0.560553
8,S3,16,0.2188,61.1355,14,6400,903563,1477967,0.2554,0.6680,0.201391
