epoch,category,task_count,grid_accuracy,cell_accuracy,grid_correct,grid_total,cell_correct,cell_total,copy_rate,change_recall,transformation_quality
7,A2,1,0.0000,46.7038,0,400,72389,154996,0.1588,1.0000,0.161351
7,C1,71,4.0655,71.2658,1139,28016,4567082,6408516,0.2823,0.6513,0.205530
7,S2,4,0.0000,70.6538,0,1600,304364,430782,0.3196,0.8535,0.605564
7,S3,16,0.2188,66.6841,14,6400,985569,1477967,0.2510,0.7287,0.225683
