epoch,category,task_count,grid_accuracy,cell_accuracy,grid_correct,grid_total,cell_correct,cell_total,copy_rate,change_recall,transformation_quality
99,C1,31,0.0000,66.9653,0,104,9718,14512,0.1624,0.5571,0.064536
99,S2,7,0.0000,64.3466,0,23,4003,6221,0.0613,0.8755,0.298504
99,S3,82,0.0000,72.9278,0,231,57252,78505,0.3944,0.5393,0.194197
