epoch,category,task_count,grid_accuracy,cell_accuracy,grid_correct,grid_total,cell_correct,cell_total,copy_rate,change_recall,transformation_quality
1,C1,31,0.0000,68.3986,0,104,9926,14512,0.1606,0.5857,0.070756
1,S2,7,0.0000,63.8483,0,23,3972,6221,0.0601,0.8898,0.295765
1,S3,82,0.0000,74.1762,0,231,58232,78505,0.3763,0.5595,0.212828
