epoch,category,task_count,grid_accuracy,cell_accuracy,grid_correct,grid_total,cell_correct,cell_total,copy_rate,change_recall,transformation_quality
61,C1,31,0.0000,67.7577,0,104,9833,14512,0.1614,0.5696,0.068685
61,S2,7,0.0000,64.7324,0,23,4027,6221,0.0620,0.8782,0.299523
61,S3,82,0.0000,73.2004,0,231,57466,78505,0.3888,0.5218,0.194656
