epoch,category,task_count,grid_accuracy,cell_accuracy,grid_correct,grid_total,cell_correct,cell_total,copy_rate,change_recall,transformation_quality
15,C1,31,0.0000,67.6819,0,104,9822,14512,0.1629,0.5540,0.066865
15,S2,7,0.0000,65.2307,0,23,4058,6221,0.0594,0.8805,0.299922
15,S3,82,0.0000,74.9061,0,231,58805,78505,0.3901,0.5429,0.211244
