epoch,category,task_count,grid_accuracy,cell_accuracy,grid_correct,grid_total,cell_correct,cell_total,copy_rate,change_recall,transformation_quality
40,C1,31,0.0000,67.1789,0,104,9749,14512,0.1617,0.5533,0.066275
40,S2,7,0.0000,65.5200,0,23,4076,6221,0.0638,0.8771,0.302069
40,S3,82,0.0000,73.7316,0,231,57883,78505,0.4015,0.5108,0.194826
