epoch,category,task_count,grid_accuracy,cell_accuracy,grid_correct,grid_total,cell_correct,cell_total,copy_rate,change_recall,transformation_quality
11,C1,31,0.0000,68.5295,0,104,9945,14512,0.1621,0.5449,0.069453
11,S2,7,0.0000,64.6198,0,23,4020,6221,0.0629,0.8779,0.298420
11,S3,82,0.0000,74.2195,0,231,58266,78505,0.3964,0.5218,0.202228
