epoch,category,task_count,grid_accuracy,cell_accuracy,grid_correct,grid_total,cell_correct,cell_total,copy_rate,change_recall,transformation_quality
79,C1,31,0.0000,67.4132,0,104,9783,14512,0.1600,0.5784,0.069068
79,S2,7,0.0000,65.5361,0,23,4077,6221,0.0656,0.8784,0.303601
79,S3,82,0.0000,73.0438,0,231,57343,78505,0.3988,0.5291,0.191562
