epoch,category,task_count,grid_accuracy,cell_accuracy,grid_correct,grid_total,cell_correct,cell_total,copy_rate,change_recall,transformation_quality
39,C1,31,0.0000,66.4347,0,104,9641,14512,0.1629,0.5500,0.063421
39,S2,7,0.0000,65.1985,0,23,4056,6221,0.0621,0.8749,0.300243
39,S3,82,0.0000,73.9061,0,231,58020,78505,0.3931,0.5333,0.202529
