epoch,category,task_count,grid_accuracy,cell_accuracy,grid_correct,grid_total,cell_correct,cell_total,copy_rate,change_recall,transformation_quality
73,C1,31,0.0000,67.8128,0,104,9841,14512,0.1633,0.5485,0.066359
73,S2,7,0.0000,66.6131,0,23,4144,6221,0.0642,0.8697,0.309901
73,S3,82,0.0000,72.3406,0,231,56791,78505,0.3945,0.5220,0.185459
