epoch,category,task_count,grid_accuracy,cell_accuracy,grid_correct,grid_total,cell_correct,cell_total,copy_rate,change_recall,transformation_quality
85,C1,31,0.0000,66.1177,0,104,9595,14512,0.1600,0.5577,0.064745
85,S2,7,0.0000,65.7933,0,23,4093,6221,0.0633,0.8814,0.304430
85,S3,82,0.0000,73.7240,0,231,57877,78505,0.3887,0.5557,0.201369
