epoch,category,task_count,grid_accuracy,cell_accuracy,grid_correct,grid_total,cell_correct,cell_total,copy_rate,change_recall,transformation_quality
66,C1,31,0.0000,66.1246,0,104,9596,14512,0.1553,0.5720,0.068249
66,S2,7,0.0000,63.8322,0,23,3971,6221,0.0667,0.8666,0.295489
66,S3,82,0.0000,72.3559,0,231,56803,78505,0.3917,0.5443,0.193496
