epoch,category,task_count,grid_accuracy,cell_accuracy,grid_correct,grid_total,cell_correct,cell_total,copy_rate,change_recall,transformation_quality
25,C1,31,0.0000,68.1643,0,104,9892,14512,0.1616,0.5720,0.068402
25,S2,7,0.0000,64.1376,0,23,3990,6221,0.0631,0.8774,0.295145
25,S3,82,0.0000,73.5100,0,231,57709,78505,0.3990,0.5254,0.199909
