epoch,category,task_count,grid_accuracy,cell_accuracy,grid_correct,grid_total,cell_correct,cell_total,copy_rate,change_recall,transformation_quality
67,C1,31,0.0000,67.1858,0,104,9750,14512,0.1629,0.5594,0.065422
67,S2,7,0.0000,63.7679,0,23,3967,6221,0.0590,0.8819,0.297395
67,S3,82,0.0000,73.3800,0,231,57607,78505,0.3913,0.5278,0.198953
