epoch,category,task_count,grid_accuracy,cell_accuracy,grid_correct,grid_total,cell_correct,cell_total,copy_rate,change_recall,transformation_quality
44,C1,31,0.0000,67.0686,0,104,9733,14512,0.1593,0.5698,0.067802
44,S2,7,0.0000,65.4075,0,23,4069,6221,0.0640,0.8764,0.302368
44,S3,82,0.0000,74.0564,0,231,58138,78505,0.4007,0.5293,0.197219
