epoch,category,task_count,grid_accuracy,cell_accuracy,grid_correct,grid_total,cell_correct,cell_total,copy_rate,change_recall,transformation_quality
68,C1,31,0.0000,67.4338,0,104,9786,14512,0.1583,0.5740,0.069609
68,S2,7,0.0000,63.9608,0,23,3979,6221,0.0598,0.8854,0.298222
68,S3,82,0.0000,73.0680,0,231,57362,78505,0.3942,0.5318,0.191804
