epoch,category,task_count,grid_accuracy,cell_accuracy,grid_correct,grid_total,cell_correct,cell_total,copy_rate,change_recall,transformation_quality
62,C1,31,0.0000,66.8068,0,104,9695,14512,0.1593,0.5676,0.067814
62,S2,7,0.0000,66.6613,0,23,4147,6221,0.0631,0.8834,0.309478
62,S3,82,0.0000,73.3023,0,231,57546,78505,0.3958,0.5331,0.194390
