epoch,category,task_count,grid_accuracy,cell_accuracy,grid_correct,grid_total,cell_correct,cell_total,copy_rate,change_recall,transformation_quality
30,C1,31,0.0000,66.9722,0,104,9719,14512,0.1612,0.5460,0.065442
30,S2,7,0.0000,64.3466,0,23,4003,6221,0.0634,0.8812,0.294350
30,S3,82,0.0000,73.3482,0,231,57582,78505,0.3938,0.5344,0.197032
