epoch,category,task_count,grid_accuracy,cell_accuracy,grid_correct,grid_total,cell_correct,cell_total,copy_rate,change_recall,transformation_quality
92,C1,31,0.0000,67.0755,0,104,9734,14512,0.1603,0.5663,0.066083
92,S2,7,0.0000,64.5877,0,23,4018,6221,0.0645,0.8680,0.299298
92,S3,82,0.0000,72.6412,0,231,57027,78505,0.3932,0.5308,0.191935
