epoch,category,task_count,grid_accuracy,cell_accuracy,grid_correct,grid_total,cell_correct,cell_total,copy_rate,change_recall,transformation_quality
4,C1,31,0.0000,68.7569,0,104,9978,14512,0.1648,0.5791,0.067375
4,S2,7,0.0000,65.1181,0,23,4051,6221,0.0617,0.8788,0.301340
4,S3,82,0.0000,74.2220,0,231,58268,78505,0.3905,0.5355,0.203967
