epoch,category,task_count,grid_accuracy,cell_accuracy,grid_correct,grid_total,cell_correct,cell_total,copy_rate,change_recall,transformation_quality
76,C1,31,0.0000,66.7792,0,104,9691,14512,0.1614,0.5582,0.063927
76,S2,7,0.0000,66.0826,0,23,4111,6221,0.0636,0.8713,0.307173
76,S3,82,0.0000,73.3227,0,231,57562,78505,0.3918,0.5459,0.198759
