epoch,category,task_count,grid_accuracy,cell_accuracy,grid_correct,grid_total,cell_correct,cell_total,copy_rate,change_recall,transformation_quality
64,C1,31,0.0000,67.4683,0,104,9791,14512,0.1609,0.5635,0.068157
64,S2,7,0.0000,65.6486,0,23,4084,6221,0.0651,0.8684,0.304628
64,S3,82,0.0000,73.4437,0,231,57657,78505,0.3945,0.5284,0.195244
