epoch,category,task_count,grid_accuracy,cell_accuracy,grid_correct,grid_total,cell_correct,cell_total,copy_rate,change_recall,transformation_quality
45,C1,31,0.0000,67.2478,0,104,9759,14512,0.1633,0.5388,0.064842
45,S2,7,0.0000,61.9515,0,23,3854,6221,0.0653,0.8732,0.285469
45,S3,82,0.0000,73.7584,0,231,57904,78505,0.3996,0.5280,0.197320
