epoch,category,task_count,grid_accuracy,cell_accuracy,grid_correct,grid_total,cell_correct,cell_total,copy_rate,change_recall,transformation_quality
51,C1,31,0.0000,67.5579,0,104,9804,14512,0.1612,0.5627,0.067526
51,S2,7,0.0000,64.9253,0,23,4039,6221,0.0622,0.8783,0.301998
51,S3,82,0.0000,73.6170,0,231,57793,78505,0.3991,0.5363,0.196820
