epoch,category,task_count,grid_accuracy,cell_accuracy,grid_correct,grid_total,cell_correct,cell_total,copy_rate,change_recall,transformation_quality
23,C1,31,0.0000,68.0747,0,104,9879,14512,0.1641,0.5482,0.067320
23,S2,7,0.0000,64.6520,0,23,4022,6221,0.0634,0.8779,0.298448
23,S3,82,0.0000,74.5290,0,231,58509,78505,0.3960,0.5298,0.203006
