epoch,category,task_count,grid_accuracy,cell_accuracy,grid_correct,grid_total,cell_correct,cell_total,copy_rate,change_recall,transformation_quality
3,C1,31,0.0000,68.9981,0,104,10013,14512,0.1665,0.5655,0.066982
3,S2,7,0.0000,65.4718,0,23,4073,6221,0.0620,0.8729,0.302441
3,S3,82,0.0000,73.7061,0,231,57863,78505,0.3862,0.5297,0.203450
