epoch,category,task_count,grid_accuracy,cell_accuracy,grid_correct,grid_total,cell_correct,cell_total,copy_rate,change_recall,transformation_quality
94,C1,31,0.0000,66.6345,0,104,9670,14512,0.1605,0.5596,0.064881
94,S2,7,0.0000,65.0378,0,23,4046,6221,0.0614,0.8775,0.300350
94,S3,82,0.0000,73.0629,0,231,57358,78505,0.3927,0.5407,0.190629
