epoch,category,task_count,grid_accuracy,cell_accuracy,grid_correct,grid_total,cell_correct,cell_total,copy_rate,change_recall,transformation_quality
55,C1,31,0.0000,67.5096,0,104,9797,14512,0.1645,0.5318,0.064403
55,S2,7,0.0000,65.4879,0,23,4074,6221,0.0644,0.8758,0.301857
55,S3,82,0.0000,73.4616,0,231,57671,78505,0.3999,0.5199,0.194813
