epoch,category,task_count,grid_accuracy,cell_accuracy,grid_correct,grid_total,cell_correct,cell_total,copy_rate,change_recall,transformation_quality
30,A2,1,0.0000,87.0732,0,400,134960,154996,0.3419,0.9816,0.357756
30,C1,71,4.0477,89.5545,1134,28016,5739114,6408516,0.3321,0.6428,0.263158
30,S2,4,0.8750,89.7751,14,1600,386735,430782,0.2417,0.9584,0.786015
30,S3,16,0.2188,90.6289,14,6400,1339465,1477967,0.3300,0.6944,0.283159
