epoch,category,task_count,grid_accuracy,cell_accuracy,grid_correct,grid_total,cell_correct,cell_total,copy_rate,change_recall,transformation_quality
14,A2,1,0.0000,87.0822,0,400,134974,154996,0.3427,0.9822,0.358195
14,C1,71,4.1369,89.4433,1159,28016,5731986,6408516,0.3301,0.6456,0.263715
14,S2,4,1.9375,89.2653,31,1600,384539,430782,0.2359,0.9620,0.776196
14,S3,16,0.2344,90.6120,15,6400,1339215,1477967,0.3361,0.6861,0.279436
