epoch,category,task_count,grid_accuracy,cell_accuracy,grid_correct,grid_total,cell_correct,cell_total,copy_rate,change_recall,transformation_quality
7,A2,1,0.0000,86.0848,0,400,133428,154996,0.3434,0.9700,0.351386
7,C1,71,3.9263,88.9508,1100,28016,5700429,6408516,0.3287,0.6336,0.257495
7,S2,4,2.0625,86.6508,33,1600,373276,430782,0.2357,0.9588,0.751857
7,S3,16,0.2344,90.0034,15,6400,1330220,1477967,0.3297,0.6797,0.276019
