epoch,category,task_count,grid_accuracy,cell_accuracy,grid_correct,grid_total,cell_correct,cell_total,copy_rate,change_recall,transformation_quality
22,A2,1,0.0000,87.8003,0,400,136087,154996,0.3424,0.9833,0.361811
22,C1,71,4.1084,89.8942,1151,28016,5760885,6408516,0.3260,0.6596,0.271833
22,S2,4,2.1875,90.5003,35,1600,389859,430782,0.2373,0.9622,0.787440
22,S3,16,0.2344,90.9089,15,6400,1343603,1477967,0.3195,0.7058,0.289907
