epoch,category,task_count,grid_accuracy,cell_accuracy,grid_correct,grid_total,cell_correct,cell_total,copy_rate,change_recall,transformation_quality
36,A2,1,0.0000,87.0648,0,400,134947,154996,0.3421,0.9813,0.357749
36,C1,71,4.1191,89.5814,1154,28016,5740837,6408516,0.3195,0.6699,0.272271
36,S2,4,1.3125,90.1384,21,1600,388300,430782,0.2424,0.9592,0.787778
36,S3,16,0.2344,90.6336,15,6400,1339534,1477967,0.3082,0.7228,0.291928
