epoch,category,task_count,grid_accuracy,cell_accuracy,grid_correct,grid_total,cell_correct,cell_total,copy_rate,change_recall,transformation_quality
33,A2,1,0.0000,87.4074,0,400,135478,154996,0.3419,0.9839,0.359730
33,C1,71,4.1334,89.7238,1158,28016,5749966,6408516,0.3269,0.6633,0.268505
33,S2,4,0.5625,90.6960,9,1600,390702,430782,0.2442,0.9584,0.795372
33,S3,16,0.2344,90.7725,15,6400,1341588,1477967,0.3200,0.7120,0.289168
