epoch,category,task_count,grid_accuracy,cell_accuracy,grid_correct,grid_total,cell_correct,cell_total,copy_rate,change_recall,transformation_quality
34,A2,1,0.0000,87.5500,0,400,135699,154996,0.3422,0.9833,0.360502
34,C1,71,4.1512,89.8934,1163,28016,5760830,6408516,0.3260,0.6634,0.269873
34,S2,4,1.0000,90.8926,16,1600,391549,430782,0.2416,0.9597,0.794376
34,S3,16,0.2344,90.9268,15,6400,1343868,1477967,0.3228,0.7073,0.288800
