epoch,category,task_count,grid_accuracy,cell_accuracy,grid_correct,grid_total,cell_correct,cell_total,copy_rate,change_recall,transformation_quality
23,A2,1,0.0000,87.7668,0,400,136035,154996,0.3425,0.9837,0.361692
23,C1,71,4.1441,89.9443,1161,28016,5764097,6408516,0.3250,0.6645,0.273252
23,S2,4,2.1875,90.6491,35,1600,390500,430782,0.2371,0.9633,0.789727
23,S3,16,0.2344,90.9809,15,6400,1344668,1477967,0.3180,0.7113,0.291181
