epoch,category,task_count,grid_accuracy,cell_accuracy,grid_correct,grid_total,cell_correct,cell_total,copy_rate,change_recall,transformation_quality
13,A2,1,0.0000,86.8268,0,400,134578,154996,0.3427,0.9811,0.356904
13,C1,71,4.0870,89.3890,1145,28016,5728509,6408516,0.3319,0.6433,0.261110
13,S2,4,2.3750,88.6219,38,1600,381767,430782,0.2361,0.9611,0.771034
13,S3,16,0.2344,90.3379,15,6400,1335165,1477967,0.3305,0.6905,0.278232
