epoch,category,task_count,grid_accuracy,cell_accuracy,grid_correct,grid_total,cell_correct,cell_total,copy_rate,change_recall,transformation_quality
8,A2,1,0.0000,86.4461,0,400,133988,154996,0.3427,0.9784,0.354591
8,C1,71,3.9513,89.2476,1107,28016,5719444,6408516,0.3366,0.6256,0.256886
8,S2,4,2.0000,87.6613,32,1600,377629,430782,0.2390,0.9575,0.761080
8,S3,16,0.2344,90.2773,15,6400,1334268,1477967,0.3442,0.6666,0.272231
