epoch,category,task_count,grid_accuracy,cell_accuracy,grid_correct,grid_total,cell_correct,cell_total,copy_rate,change_recall,transformation_quality
31,A2,1,0.0000,87.1700,0,400,135110,154996,0.3424,0.9812,0.358379
31,C1,71,4.1084,89.5742,1151,28016,5740377,6408516,0.3273,0.6583,0.267855
31,S2,4,1.6250,89.9207,26,1600,387362,430782,0.2431,0.9583,0.785176
31,S3,16,0.2344,90.6022,15,6400,1339070,1477967,0.3228,0.7035,0.286362
