epoch,category,task_count,grid_accuracy,cell_accuracy,grid_correct,grid_total,cell_correct,cell_total,copy_rate,change_recall,transformation_quality
16,A2,1,0.0000,87.6100,0,400,135792,154996,0.3426,0.9835,0.360941
16,C1,71,4.1226,89.7560,1155,28016,5752025,6408516,0.3287,0.6556,0.268005
16,S2,4,2.1875,89.9425,35,1600,387456,430782,0.2401,0.9588,0.780900
16,S3,16,0.2344,90.8552,15,6400,1342810,1477967,0.3290,0.6958,0.284931
