epoch,category,task_count,grid_accuracy,cell_accuracy,grid_correct,grid_total,cell_correct,cell_total,copy_rate,change_recall,transformation_quality
21,A2,1,0.0000,87.5494,0,400,135698,154996,0.3426,0.9821,0.360453
21,C1,71,4.1441,89.7749,1161,28016,5753242,6408516,0.3273,0.6555,0.269491
21,S2,4,2.1250,90.2993,34,1600,388993,430782,0.2371,0.9621,0.786611
21,S3,16,0.2188,90.8950,14,6400,1343398,1477967,0.3224,0.6995,0.287201
