epoch,category,task_count,grid_accuracy,cell_accuracy,grid_correct,grid_total,cell_correct,cell_total,copy_rate,change_recall,transformation_quality
18,A2,1,0.0000,87.2384,0,400,135216,154996,0.3426,0.9818,0.358812
18,C1,71,4.0834,89.4660,1144,28016,5733445,6408516,0.3274,0.6492,0.266322
18,S2,4,2.3125,89.2776,37,1600,384592,430782,0.2370,0.9599,0.773888
18,S3,16,0.2188,90.5308,14,6400,1338016,1477967,0.3231,0.7033,0.284779
