epoch,category,task_count,grid_accuracy,cell_accuracy,grid_correct,grid_total,cell_correct,cell_total,copy_rate,change_recall,transformation_quality
32,A2,1,0.0000,87.3513,0,400,135391,154996,0.3424,0.9796,0.358653
32,C1,71,4.1155,89.6722,1153,28016,5746655,6408516,0.3232,0.6620,0.270565
32,S2,4,1.3125,90.2322,21,1600,388704,430782,0.2410,0.9602,0.788498
32,S3,16,0.2188,90.7330,14,6400,1341004,1477967,0.3181,0.7113,0.289549
