epoch,category,task_count,grid_accuracy,cell_accuracy,grid_correct,grid_total,cell_correct,cell_total,copy_rate,change_recall,transformation_quality
26,A2,1,0.0000,87.4687,0,400,135573,154996,0.3423,0.9843,0.360381
26,C1,71,4.0905,89.6726,1146,28016,5746684,6408516,0.3258,0.6631,0.270425
26,S2,4,1.8750,90.1642,30,1600,388411,430782,0.2392,0.9599,0.784511
26,S3,16,0.2344,90.7681,15,6400,1341522,1477967,0.3209,0.7084,0.287200
