epoch,category,task_count,grid_accuracy,cell_accuracy,grid_correct,grid_total,cell_correct,cell_total,copy_rate,change_recall,transformation_quality
38,A2,1,0.0000,87.2313,0,400,135205,154996,0.3414,0.9839,0.358702
38,C1,71,4.0655,89.6390,1139,28016,5744531,6408516,0.3264,0.6609,0.268517
38,S2,4,1.1875,90.2229,19,1600,388664,430782,0.2453,0.9547,0.785920
38,S3,16,0.2344,90.6308,15,6400,1339494,1477967,0.3219,0.7071,0.287939
