epoch,category,task_count,grid_accuracy,cell_accuracy,grid_correct,grid_total,cell_correct,cell_total,copy_rate,change_recall,transformation_quality
40,A2,1,0.0000,87.5655,0,400,135723,154996,0.3422,0.9833,0.360590
40,C1,71,4.1512,89.8782,1163,28016,5759857,6408516,0.3279,0.6612,0.269561
40,S2,4,1.5000,90.7361,24,1600,390875,430782,0.2445,0.9584,0.793091
40,S3,16,0.2344,90.8660,15,6400,1342970,1477967,0.3258,0.7032,0.287811
