epoch,category,task_count,grid_accuracy,cell_accuracy,grid_correct,grid_total,cell_correct,cell_total,copy_rate,change_recall,transformation_quality
20,A2,1,0.0000,87.4500,0,400,135544,154996,0.3424,0.9835,0.360037
20,C1,71,3.9656,89.5083,1111,28016,5736152,6408516,0.3266,0.6583,0.266820
20,S2,4,1.7500,89.7825,28,1600,386767,430782,0.2396,0.9594,0.779986
20,S3,16,0.2500,90.6446,16,6400,1339698,1477967,0.3176,0.7091,0.286714
