epoch,category,task_count,grid_accuracy,cell_accuracy,grid_correct,grid_total,cell_correct,cell_total,copy_rate,change_recall,transformation_quality
9,A2,1,0.0000,86.7751,0,400,134498,154996,0.3427,0.9793,0.356382
9,C1,71,4.0334,89.4406,1130,28016,5731812,6408516,0.3312,0.6399,0.261383
9,S2,4,2.3750,88.4271,38,1600,380928,430782,0.2356,0.9610,0.767749
9,S3,16,0.2344,90.5261,15,6400,1337946,1477967,0.3323,0.6872,0.278671
