epoch,category,task_count,grid_accuracy,cell_accuracy,grid_correct,grid_total,cell_correct,cell_total,copy_rate,change_recall,transformation_quality
49,A2,1,0.0000,87.5461,0,400,135693,154996,0.3425,0.9811,0.359898
49,C1,71,3.8835,89.5831,1088,28016,5740945,6408516,0.3285,0.6554,0.266802
49,S2,4,1.6250,90.3845,26,1600,389360,430782,0.2456,0.9552,0.786178
49,S3,16,0.2188,90.5580,14,6400,1338417,1477967,0.3256,0.7045,0.285057
