epoch,category,task_count,grid_accuracy,cell_accuracy,grid_correct,grid_total,cell_correct,cell_total,copy_rate,change_recall,transformation_quality
45,A2,1,0.0000,87.4216,0,400,135500,154996,0.3425,0.9808,0.359571
45,C1,71,4.1119,89.7944,1152,28016,5754486,6408516,0.3331,0.6513,0.265062
45,S2,4,1.8125,90.3431,29,1600,389182,430782,0.2430,0.9585,0.788539
45,S3,16,0.2344,90.7072,15,6400,1340622,1477967,0.3281,0.6969,0.284902
