epoch,category,task_count,grid_accuracy,cell_accuracy,grid_correct,grid_total,cell_correct,cell_total,copy_rate,change_recall,transformation_quality
46,A2,1,0.0000,87.7132,0,400,135952,154996,0.3420,0.9836,0.361242
46,C1,71,4.1334,89.9173,1158,28016,5762362,6408516,0.3324,0.6516,0.266630
46,S2,4,1.7500,90.7364,28,1600,390876,430782,0.2405,0.9599,0.791602
46,S3,16,0.2344,90.9210,15,6400,1343783,1477967,0.3298,0.6941,0.285367
