epoch,category,task_count,grid_accuracy,cell_accuracy,grid_correct,grid_total,cell_correct,cell_total,copy_rate,change_recall,transformation_quality
37,A2,1,0.0000,87.1926,0,400,135145,154996,0.3416,0.9817,0.358254
37,C1,71,3.8871,89.5178,1089,28016,5736765,6408516,0.3246,0.6528,0.266457
37,S2,4,1.3125,90.0843,21,1600,388067,430782,0.2420,0.9582,0.785291
37,S3,16,0.2344,90.4174,15,6400,1336339,1477967,0.3196,0.7028,0.284787
