epoch,category,task_count,grid_accuracy,cell_accuracy,grid_correct,grid_total,cell_correct,cell_total,copy_rate,change_recall,transformation_quality
44,A2,1,0.0000,87.3842,0,400,135442,154996,0.3421,0.9842,0.359734
44,C1,71,4.1334,89.6794,1158,28016,5747118,6408516,0.3221,0.6696,0.272125
44,S2,4,2.0000,90.5152,32,1600,389923,430782,0.2400,0.9619,0.790942
44,S3,16,0.2344,90.6634,15,6400,1339975,1477967,0.3117,0.7204,0.291779
