epoch,category,task_count,grid_accuracy,cell_accuracy,grid_correct,grid_total,cell_correct,cell_total,copy_rate,change_recall,transformation_quality
42,A2,1,0.0000,87.0384,0,400,134906,154996,0.3425,0.9823,0.357926
42,C1,71,4.1012,89.6214,1149,28016,5743402,6408516,0.3187,0.6749,0.274068
42,S2,4,1.5625,90.0425,25,1600,387887,430782,0.2414,0.9594,0.785662
42,S3,16,0.2344,90.6257,15,6400,1339418,1477967,0.3135,0.7192,0.291120
