epoch,category,task_count,grid_accuracy,cell_accuracy,grid_correct,grid_total,cell_correct,cell_total,copy_rate,change_recall,transformation_quality
43,A2,1,0.0000,87.0410,0,400,134910,154996,0.3424,0.9803,0.357647
43,C1,71,4.0834,89.5170,1144,28016,5736714,6408516,0.3306,0.6452,0.263497
43,S2,4,1.8750,89.9464,30,1600,387473,430782,0.2402,0.9582,0.782449
43,S3,16,0.2344,90.5020,15,6400,1337589,1477967,0.3239,0.6958,0.284810
