epoch,category,task_count,grid_accuracy,cell_accuracy,grid_correct,grid_total,cell_correct,cell_total,copy_rate,change_recall,transformation_quality
12,A2,1,0.0000,86.7777,0,400,134502,154996,0.3425,0.9807,0.356555
12,C1,71,4.1298,89.3375,1157,28016,5725211,6408516,0.3321,0.6401,0.261523
12,S2,4,1.2500,88.3876,20,1600,380758,430782,0.2378,0.9572,0.769013
12,S3,16,0.2188,90.4679,14,6400,1337086,1477967,0.3337,0.6825,0.277641
