epoch,category,task_count,grid_accuracy,cell_accuracy,grid_correct,grid_total,cell_correct,cell_total,copy_rate,change_recall,transformation_quality
6,A2,1,0.0000,85.7280,0,400,132875,154996,0.3423,0.9737,0.350309
6,C1,71,3.9442,88.9634,1105,28016,5701236,6408516,0.3300,0.6364,0.258109
6,S2,4,1.8750,86.1048,30,1600,370924,430782,0.2343,0.9608,0.750069
6,S3,16,0.2031,89.8293,13,6400,1327647,1477967,0.3315,0.6824,0.273636
