epoch,category,task_count,grid_accuracy,cell_accuracy,grid_correct,grid_total,cell_correct,cell_total,copy_rate,change_recall,transformation_quality
0,A2,1,0.0000,53.7233,0,400,83269,154996,0.1828,0.9999,0.190039
0,C1,71,3.7606,75.8202,1068,28400,4858947,6408516,0.3002,0.6612,0.220898
0,S2,4,0.1875,77.6307,3,1600,334419,430782,0.2839,0.9008,0.665233
0,S3,16,0.2188,75.3227,14,6400,1113245,1477967,0.2957,0.7223,0.243612
