epoch,category,task_count,grid_accuracy,cell_accuracy,grid_correct,grid_total,cell_correct,cell_total,copy_rate,change_recall,transformation_quality
16,A2,1,0.0000,87.3461,0,400,135383,154996,0.3430,0.9756,0.358008
16,C1,71,3.9225,89.6195,1114,28400,5743278,6408516,0.3238,0.6573,0.270776
16,S2,4,0.8750,89.0685,14,1600,383691,430782,0.2481,0.9532,0.779337
16,S3,16,0.2344,90.7513,15,6400,1341275,1477967,0.3274,0.6959,0.288865
