epoch,category,task_count,grid_accuracy,cell_accuracy,grid_correct,grid_total,cell_correct,cell_total,copy_rate,change_recall,transformation_quality
5,A2,1,0.0000,85.8254,0,400,133026,154996,0.3424,0.9766,0.351132
5,C1,71,3.9965,89.0948,1135,28400,5709654,6408516,0.3228,0.6483,0.267973
5,S2,4,0.8125,85.8116,13,1600,369661,430782,0.2432,0.9548,0.751717
5,S3,16,0.2344,89.9378,15,6400,1329251,1477967,0.3370,0.6742,0.280097
