epoch,category,task_count,grid_accuracy,cell_accuracy,grid_correct,grid_total,cell_correct,cell_total,copy_rate,change_recall,transformation_quality
10,A2,1,0.0000,86.7635,0,400,134480,154996,0.3429,0.9750,0.355235
10,C1,71,3.9965,89.3509,1135,28400,5726069,6408516,0.3182,0.6599,0.272913
10,S2,4,0.8125,87.8275,13,1600,378345,430782,0.2436,0.9556,0.770474
10,S3,16,0.2344,90.4141,15,6400,1336291,1477967,0.3206,0.7002,0.290072
