epoch,category,task_count,grid_accuracy,cell_accuracy,grid_correct,grid_total,cell_correct,cell_total,copy_rate,change_recall,transformation_quality
1,A2,1,0.0000,84.3731,0,400,130775,154996,0.3415,0.9731,0.342929
1,C1,71,3.8451,87.7422,1092,28400,5622976,6408516,0.3186,0.6226,0.256911
1,S2,4,2.0000,81.2738,32,1600,350113,430782,0.2368,0.9565,0.704308
1,S3,16,0.2500,88.5621,16,6400,1308919,1477967,0.3265,0.6528,0.269657
