epoch,category,task_count,grid_accuracy,cell_accuracy,grid_correct,grid_total,cell_correct,cell_total,copy_rate,change_recall,transformation_quality
7,A2,1,0.0000,85.6312,0,400,132725,154996,0.3423,0.9762,0.349997
7,C1,71,3.9261,88.7207,1115,28400,5685682,6408516,0.3177,0.6507,0.266537
7,S2,4,1.9375,85.3350,31,1600,367608,430782,0.2378,0.9596,0.745885
7,S3,16,0.2344,89.6820,15,6400,1325471,1477967,0.3230,0.6902,0.282456
