epoch,category,task_count,grid_accuracy,cell_accuracy,grid_correct,grid_total,cell_correct,cell_total,copy_rate,change_recall,transformation_quality
22,A2,1,0.0000,87.7532,0,400,136014,154996,0.3428,0.9781,0.360299
22,C1,71,4.0106,89.7605,1139,28400,5752313,6408516,0.3276,0.6522,0.270695
22,S2,4,0.2500,89.6001,4,1600,385981,430782,0.2512,0.9516,0.785772
22,S3,16,0.2344,90.8760,15,6400,1343117,1477967,0.3294,0.6904,0.288402
