epoch,category,task_count,grid_accuracy,cell_accuracy,grid_correct,grid_total,cell_correct,cell_total,copy_rate,change_recall,transformation_quality
19,A2,1,0.0000,87.1629,0,400,135099,154996,0.3436,0.9660,0.355433
19,C1,71,3.7782,89.2292,1073,28400,5718269,6408516,0.3233,0.6460,0.267159
19,S2,4,0.7500,88.6683,12,1600,381967,430782,0.2421,0.9545,0.773911
19,S3,16,0.2188,90.5688,14,6400,1338577,1477967,0.3299,0.6856,0.284737
