epoch,category,task_count,grid_accuracy,cell_accuracy,grid_correct,grid_total,cell_correct,cell_total,copy_rate,change_recall,transformation_quality
23,A2,1,0.0000,87.8687,0,400,136193,154996,0.3428,0.9780,0.360832
23,C1,71,4.0211,89.8472,1142,28400,5757870,6408516,0.3287,0.6564,0.270723
23,S2,4,0.4375,89.7995,7,1600,386840,430782,0.2517,0.9511,0.786686
23,S3,16,0.2344,90.9815,15,6400,1344677,1477967,0.3300,0.6957,0.288887
