epoch,category,task_count,grid_accuracy,cell_accuracy,grid_correct,grid_total,cell_correct,cell_total,copy_rate,change_recall,transformation_quality
4,A2,1,0.0000,85.7764,0,400,132950,154996,0.3423,0.9752,0.350852
4,C1,71,3.7359,88.9861,1061,28400,5702690,6408516,0.3200,0.6488,0.267645
4,S2,4,0.9375,85.5676,15,1600,368610,430782,0.2411,0.9564,0.748742
4,S3,16,0.2344,89.8488,15,6400,1327935,1477967,0.3303,0.6832,0.282249
