epoch,category,task_count,grid_accuracy,cell_accuracy,grid_correct,grid_total,cell_correct,cell_total,copy_rate,change_recall,transformation_quality
9,A2,1,0.0000,86.4255,0,400,133956,154996,0.3427,0.9753,0.353676
9,C1,71,3.9261,89.1718,1115,28400,5714590,6408516,0.3200,0.6532,0.269538
9,S2,4,1.3125,87.2817,21,1600,375994,430782,0.2423,0.9574,0.763179
9,S3,16,0.2188,90.2055,14,6400,1333208,1477967,0.3202,0.6943,0.284565
