epoch,category,task_count,grid_accuracy,cell_accuracy,grid_correct,grid_total,cell_correct,cell_total,copy_rate,change_recall,transformation_quality
29,A2,1,0.0000,87.8365,0,400,136143,154996,0.3430,0.9779,0.360622
29,C1,71,3.9437,89.9046,1120,28400,5761549,6408516,0.3293,0.6550,0.270606
29,S2,4,0.5000,89.8039,8,1600,386859,430782,0.2488,0.9527,0.786555
29,S3,16,0.2344,91.0557,15,6400,1345773,1477967,0.3297,0.6937,0.288612
