epoch,category,task_count,grid_accuracy,cell_accuracy,grid_correct,grid_total,cell_correct,cell_total,copy_rate,change_recall,transformation_quality
17,A2,1,0.0000,87.5842,0,400,135752,154996,0.3429,0.9775,0.359458
17,C1,71,4.0106,89.7175,1139,28400,5749562,6408516,0.3233,0.6596,0.272353
17,S2,4,0.7500,89.4004,12,1600,385121,430782,0.2467,0.9547,0.783499
17,S3,16,0.2344,90.8790,15,6400,1343162,1477967,0.3263,0.6998,0.291365
