epoch,category,task_count,grid_accuracy,cell_accuracy,grid_correct,grid_total,cell_correct,cell_total,copy_rate,change_recall,transformation_quality
86,C1,31,0.0000,66.5518,0,104,9658,14512,0.1573,0.5778,0.066669
86,S2,7,0.0000,65.3753,0,23,4067,6221,0.0621,0.8823,0.299029
86,S3,82,0.0000,72.9406,0,231,57262,78505,0.3686,0.5516,0.203249
