epoch,category,task_count,grid_accuracy,cell_accuracy,grid_correct,grid_total,cell_correct,cell_total,copy_rate,change_recall,transformation_quality
61,C1,31,0.0000,66.5587,0,104,9659,14512,0.1558,0.5787,0.069493
61,S2,7,0.0000,64.4591,0,23,4010,6221,0.0597,0.8944,0.295197
61,S3,82,0.0000,73.5074,0,231,57707,78505,0.3691,0.5755,0.210819
