epoch,category,task_count,grid_accuracy,cell_accuracy,grid_correct,grid_total,cell_correct,cell_total,copy_rate,change_recall,transformation_quality
60,C1,31,0.0000,67.1720,0,104,9748,14512,0.1579,0.5775,0.069719
60,S2,7,0.0000,65.1664,0,23,4054,6221,0.0575,0.8959,0.304755
60,S3,82,0.0000,73.6526,0,231,57821,78505,0.3644,0.5708,0.211482
