epoch,category,task_count,grid_accuracy,cell_accuracy,grid_correct,grid_total,cell_correct,cell_total,copy_rate,change_recall,transformation_quality
16,C1,31,0.0000,68.1160,0,104,9885,14512,0.1571,0.5821,0.072086
16,S2,7,0.0000,63.9286,0,23,3977,6221,0.0615,0.8913,0.295373
16,S3,82,0.0000,74.6424,0,231,58598,78505,0.3824,0.5448,0.211546
