epoch,category,task_count,grid_accuracy,cell_accuracy,grid_correct,grid_total,cell_correct,cell_total,copy_rate,change_recall,transformation_quality
68,C1,31,0.0000,66.8412,0,104,9700,14512,0.1584,0.5834,0.066359
68,S2,7,0.0000,65.5843,0,23,4080,6221,0.0594,0.8928,0.304871
68,S3,82,0.0000,73.3482,0,231,57582,78505,0.3721,0.5606,0.211274
