epoch,category,task_count,grid_accuracy,cell_accuracy,grid_correct,grid_total,cell_correct,cell_total,copy_rate,change_recall,transformation_quality
55,C1,31,0.0000,68.1436,0,104,9889,14512,0.1583,0.5842,0.071024
55,S2,7,0.0000,65.4396,0,23,4071,6221,0.0600,0.8963,0.304162
55,S3,82,0.0000,73.0336,0,231,57335,78505,0.3899,0.5306,0.198548
