epoch,category,task_count,grid_accuracy,cell_accuracy,grid_correct,grid_total,cell_correct,cell_total,copy_rate,change_recall,transformation_quality
83,C1,31,0.0000,66.6690,0,104,9675,14512,0.1632,0.5415,0.064223
83,S2,7,0.0000,65.0860,0,23,4049,6221,0.0626,0.8745,0.300158
83,S3,82,0.0000,73.2871,0,231,57534,78505,0.3771,0.5449,0.203915
