epoch,category,task_count,grid_accuracy,cell_accuracy,grid_correct,grid_total,cell_correct,cell_total,copy_rate,change_recall,transformation_quality
5,C1,31,0.0000,67.5854,0,104,9808,14512,0.1607,0.5585,0.067730
5,S2,7,0.0000,63.6554,0,23,3960,6221,0.0627,0.8820,0.292999
5,S3,82,0.0000,74.0259,0,231,58114,78505,0.3845,0.5339,0.206151
