epoch,category,task_count,grid_accuracy,cell_accuracy,grid_correct,grid_total,cell_correct,cell_total,copy_rate,change_recall,transformation_quality
19,C1,31,0.0000,67.2822,0,104,9764,14512,0.1582,0.5610,0.069371
19,S2,7,0.0000,63.6071,0,23,3957,6221,0.0604,0.8933,0.294903
19,S3,82,0.0000,74.0208,0,231,58110,78505,0.3761,0.5507,0.212206
