epoch,category,task_count,grid_accuracy,cell_accuracy,grid_correct,grid_total,cell_correct,cell_total,copy_rate,change_recall,transformation_quality
34,C1,31,0.0000,67.9438,0,104,9860,14512,0.1629,0.5330,0.067865
34,S2,7,0.0000,63.6554,0,23,3960,6221,0.0585,0.8902,0.294000
34,S3,82,0.0000,74.2055,0,231,58255,78505,0.3832,0.5406,0.206961
