epoch,category,task_count,grid_accuracy,cell_accuracy,grid_correct,grid_total,cell_correct,cell_total,copy_rate,change_recall,transformation_quality
49,C1,31,0.0000,67.5648,0,104,9805,14512,0.1592,0.5603,0.069593
49,S2,7,0.0000,65.5522,0,23,4078,6221,0.0589,0.8926,0.304737
49,S3,82,0.0000,74.3367,0,231,58358,78505,0.3810,0.5456,0.208365
