epoch,category,task_count,grid_accuracy,cell_accuracy,grid_correct,grid_total,cell_correct,cell_total,copy_rate,change_recall,transformation_quality
25,C1,31,0.0000,67.4407,0,104,9787,14512,0.1611,0.5673,0.068622
25,S2,7,0.0000,64.2180,0,23,3995,6221,0.0613,0.8861,0.297020
25,S3,82,0.0000,73.7826,0,231,57923,78505,0.3833,0.5363,0.205665
