epoch,category,task_count,grid_accuracy,cell_accuracy,grid_correct,grid_total,cell_correct,cell_total,copy_rate,change_recall,transformation_quality
56,C1,31,0.0000,67.1307,0,104,9742,14512,0.1648,0.5190,0.064027
56,S2,7,0.0000,64.8770,0,23,4036,6221,0.0605,0.8907,0.299915
56,S3,82,0.0000,73.5291,0,231,57724,78505,0.3733,0.5513,0.210105
