epoch,category,task_count,grid_accuracy,cell_accuracy,grid_correct,grid_total,cell_correct,cell_total,copy_rate,change_recall,transformation_quality
17,C1,31,0.0000,67.7508,0,104,9832,14512,0.1591,0.5618,0.069341
17,S2,7,0.0000,64.8127,0,23,4032,6221,0.0628,0.8805,0.298475
17,S3,82,0.0000,74.5609,0,231,58534,78505,0.3840,0.5439,0.210705
