epoch,category,task_count,grid_accuracy,cell_accuracy,grid_correct,grid_total,cell_correct,cell_total,copy_rate,change_recall,transformation_quality
35,C1,31,0.0000,67.6130,0,104,9812,14512,0.1624,0.5347,0.067202
35,S2,7,0.0000,64.2662,0,23,3998,6221,0.0591,0.8888,0.295351
35,S3,82,0.0000,74.2208,0,231,58267,78505,0.3841,0.5368,0.206660
