epoch,category,task_count,grid_accuracy,cell_accuracy,grid_correct,grid_total,cell_correct,cell_total,copy_rate,change_recall,transformation_quality
58,C1,31,0.0000,67.4821,0,104,9793,14512,0.1619,0.5550,0.066833
58,S2,7,0.0000,66.5649,0,23,4141,6221,0.0612,0.8809,0.309048
58,S3,82,0.0000,73.1533,0,231,57429,78505,0.3754,0.5455,0.207025
