epoch,category,task_count,grid_accuracy,cell_accuracy,grid_correct,grid_total,cell_correct,cell_total,copy_rate,change_recall,transformation_quality
26,C1,31,0.0000,67.8611,0,104,9848,14512,0.1629,0.5397,0.068079
26,S2,7,0.0000,63.5428,0,23,3953,6221,0.0605,0.8846,0.292781
26,S3,82,0.0000,73.8998,0,231,58015,78505,0.3794,0.5492,0.207092
