epoch,category,task_count,grid_accuracy,cell_accuracy,grid_correct,grid_total,cell_correct,cell_total,copy_rate,change_recall,transformation_quality
69,C1,31,0.0000,66.6827,0,104,9677,14512,0.1613,0.5474,0.065757
69,S2,7,0.0000,64.6681,0,23,4023,6221,0.0594,0.8854,0.299945
69,S3,82,0.0000,73.3979,0,231,57621,78505,0.3769,0.5554,0.209122
