epoch,category,task_count,grid_accuracy,cell_accuracy,grid_correct,grid_total,cell_correct,cell_total,copy_rate,change_recall,transformation_quality
93,C1,31,0.0000,66.4347,0,104,9641,14512,0.1610,0.5568,0.065257
93,S2,7,0.0000,65.7933,0,23,4093,6221,0.0592,0.8860,0.304594
93,S3,82,0.0000,73.7507,0,231,57898,78505,0.3750,0.5600,0.206528
