epoch,category,task_count,grid_accuracy,cell_accuracy,grid_correct,grid_total,cell_correct,cell_total,copy_rate,change_recall,transformation_quality
10,C1,31,0.0000,67.7646,0,104,9834,14512,0.1582,0.5646,0.069326
10,S2,7,0.0000,64.4752,0,23,4011,6221,0.0620,0.8811,0.296980
10,S3,82,0.0000,74.2997,0,231,58329,78505,0.3795,0.5491,0.210827
