epoch,category,task_count,grid_accuracy,cell_accuracy,grid_correct,grid_total,cell_correct,cell_total,copy_rate,change_recall,transformation_quality
29,C1,31,0.0000,67.5028,0,104,9796,14512,0.1594,0.5622,0.069548
29,S2,7,0.0000,64.7806,0,23,4030,6221,0.0600,0.8887,0.299996
29,S3,82,0.0000,74.3150,0,231,58341,78505,0.3820,0.5386,0.206695
