epoch,category,task_count,grid_accuracy,cell_accuracy,grid_correct,grid_total,cell_correct,cell_total,copy_rate,change_recall,transformation_quality
41,C1,31,0.0000,67.0411,0,104,9729,14512,0.1634,0.5394,0.064930
41,S2,7,0.0000,65.1503,0,23,4053,6221,0.0614,0.8847,0.301391
41,S3,82,0.0000,74.0985,0,231,58171,78505,0.3815,0.5382,0.207303
