epoch,category,task_count,grid_accuracy,cell_accuracy,grid_correct,grid_total,cell_correct,cell_total,copy_rate,change_recall,transformation_quality
85,C1,31,0.0000,66.9101,0,104,9710,14512,0.1632,0.5471,0.064253
85,S2,7,0.0000,65.8897,0,23,4099,6221,0.0608,0.8811,0.305173
85,S3,82,0.0000,73.5647,0,231,57752,78505,0.3799,0.5413,0.201303
