epoch,category,task_count,grid_accuracy,cell_accuracy,grid_correct,grid_total,cell_correct,cell_total,copy_rate,change_recall,transformation_quality
88,C1,31,0.0000,66.0143,0,104,9580,14512,0.1606,0.5574,0.063768
88,S2,7,0.0000,65.0538,0,23,4047,6221,0.0617,0.8689,0.299336
88,S3,82,0.0000,73.4119,0,231,57632,78505,0.3732,0.5519,0.206575
