epoch,category,task_count,grid_accuracy,cell_accuracy,grid_correct,grid_total,cell_correct,cell_total,copy_rate,change_recall,transformation_quality
72,C1,31,0.0000,66.8550,0,104,9702,14512,0.1616,0.5507,0.064693
72,S2,7,0.0000,65.2307,0,23,4058,6221,0.0611,0.8778,0.301754
72,S3,82,0.0000,73.2667,0,231,57518,78505,0.3783,0.5583,0.208410
