epoch,category,task_count,grid_accuracy,cell_accuracy,grid_correct,grid_total,cell_correct,cell_total,copy_rate,change_recall,transformation_quality
50,C1,31,0.0000,67.4407,0,104,9787,14512,0.1641,0.5362,0.065179
50,S2,7,0.0000,65.3753,0,23,4067,6221,0.0588,0.8883,0.304149
50,S3,82,0.0000,73.7698,0,231,57913,78505,0.3812,0.5425,0.205873
