epoch,category,task_count,grid_accuracy,cell_accuracy,grid_correct,grid_total,cell_correct,cell_total,copy_rate,change_recall,transformation_quality
76,C1,31,0.0000,66.7172,0,104,9682,14512,0.1607,0.5621,0.065757
76,S2,7,0.0000,64.8931,0,23,4037,6221,0.0620,0.8749,0.300634
76,S3,82,0.0000,73.1941,0,231,57461,78505,0.3782,0.5460,0.204234
