epoch,category,task_count,grid_accuracy,cell_accuracy,grid_correct,grid_total,cell_correct,cell_total,copy_rate,change_recall,transformation_quality
20,A2,1,0.0000,86.5532,0,400,134154,154996,0.3438,0.9625,0.351619
20,C1,71,3.8835,89.3420,1088,28016,5725499,6408516,0.3216,0.6424,0.267024
20,S2,4,0.5000,88.9916,8,1600,383360,430782,0.2502,0.9525,0.779104
20,S3,16,0.2500,90.4080,16,6400,1336201,1477967,0.3141,0.6962,0.288206
