epoch,category,task_count,grid_accuracy,cell_accuracy,grid_correct,grid_total,cell_correct,cell_total,copy_rate,change_recall,transformation_quality
6,A2,1,0.0000,84.5706,0,400,131081,154996,0.3443,0.9346,0.337595
6,C1,71,3.8621,88.4337,1082,28016,5667289,6408516,0.3202,0.6284,0.260608
6,S2,4,1.0000,85.5384,16,1600,368484,430782,0.2489,0.9509,0.748803
6,S3,16,0.2500,89.5125,16,6400,1322965,1477967,0.3092,0.6930,0.282886
