epoch,category,task_count,grid_accuracy,cell_accuracy,grid_correct,grid_total,cell_correct,cell_total,copy_rate,change_recall,transformation_quality
5,A2,1,0.0000,85.0196,0,400,131777,154996,0.3436,0.9570,0.343964
5,C1,71,4.1084,88.8777,1151,28016,5695739,6408516,0.3186,0.6374,0.267515
5,S2,4,0.5625,86.4676,9,1600,372487,430782,0.2481,0.9519,0.758970
5,S3,16,0.2344,89.9557,15,6400,1329515,1477967,0.3120,0.6990,0.288050
