epoch,category,task_count,grid_accuracy,cell_accuracy,grid_correct,grid_total,cell_correct,cell_total,copy_rate,change_recall,transformation_quality
17,A2,1,0.0000,86.0687,0,400,133403,154996,0.3437,0.9670,0.350753
17,C1,71,4.1405,89.4819,1160,28016,5734460,6408516,0.3165,0.6603,0.275071
17,S2,4,0.4375,89.8301,7,1600,386972,430782,0.2502,0.9523,0.785294
17,S3,16,0.2344,90.6687,15,6400,1340054,1477967,0.3064,0.7152,0.294331
