epoch,category,task_count,grid_accuracy,cell_accuracy,grid_correct,grid_total,cell_correct,cell_total,copy_rate,change_recall,transformation_quality
8,A2,1,0.0000,85.6525,0,400,132758,154996,0.3443,0.9494,0.345312
8,C1,71,3.9513,88.7985,1107,28016,5690664,6408516,0.3196,0.6361,0.264974
8,S2,4,0.3750,87.2088,6,1600,375680,430782,0.2487,0.9523,0.765356
8,S3,16,0.2500,89.9002,16,6400,1328695,1477967,0.3059,0.7003,0.287258
