epoch,category,task_count,grid_accuracy,cell_accuracy,grid_correct,grid_total,cell_correct,cell_total,copy_rate,change_recall,transformation_quality
18,A2,1,0.0000,85.4067,0,400,132377,154996,0.3432,0.9663,0.347319
18,C1,71,4.0227,89.0170,1127,28016,5704669,6408516,0.3196,0.6491,0.267746
18,S2,4,0.5625,88.8203,9,1600,382622,430782,0.2489,0.9525,0.776835
18,S3,16,0.2344,90.2178,15,6400,1333390,1477967,0.3138,0.7005,0.288376
