epoch,category,task_count,grid_accuracy,cell_accuracy,grid_correct,grid_total,cell_correct,cell_total,copy_rate,change_recall,transformation_quality
25,A2,1,0.0000,86.6177,0,400,134254,154996,0.3434,0.9713,0.353516
25,C1,71,4.0620,89.1626,1138,28016,5714002,6408516,0.3178,0.6514,0.270423
25,S2,4,1.0000,89.3104,16,1600,384733,430782,0.2476,0.9545,0.781318
25,S3,16,0.2344,90.3528,15,6400,1335385,1477967,0.3043,0.7100,0.292800
