epoch,category,task_count,grid_accuracy,cell_accuracy,grid_correct,grid_total,cell_correct,cell_total,copy_rate,change_recall,transformation_quality
4,A2,1,0.0000,84.8532,0,400,131519,154996,0.3436,0.9516,0.341787
4,C1,71,4.0477,88.6969,1134,28016,5684153,6408516,0.3210,0.6289,0.263141
4,S2,4,0.8125,86.0714,13,1600,370780,430782,0.2482,0.9512,0.754199
4,S3,16,0.2344,89.8029,15,6400,1327257,1477967,0.3169,0.6850,0.283291
