epoch,category,task_count,grid_accuracy,cell_accuracy,grid_correct,grid_total,cell_correct,cell_total,copy_rate,change_recall,transformation_quality
24,A2,1,0.0000,86.9771,0,400,134811,154996,0.3434,0.9676,0.354760
24,C1,71,4.1012,89.1996,1149,28016,5716373,6408516,0.3288,0.6327,0.262625
24,S2,4,0.7500,88.9058,12,1600,382990,430782,0.2488,0.9526,0.778024
24,S3,16,0.2344,90.3251,15,6400,1334975,1477967,0.3255,0.6868,0.282507
