epoch,category,task_count,grid_accuracy,cell_accuracy,grid_correct,grid_total,cell_correct,cell_total,copy_rate,change_recall,transformation_quality
19,A2,1,0.0000,86.4913,0,400,134058,154996,0.3429,0.9666,0.352463
19,C1,71,4.1012,89.2286,1149,28016,5718232,6408516,0.3168,0.6561,0.271679
19,S2,4,0.5000,89.0532,8,1600,383625,430782,0.2479,0.9536,0.778809
19,S3,16,0.2344,90.2454,15,6400,1333797,1477967,0.3014,0.7187,0.293316
