epoch,category,task_count,grid_accuracy,cell_accuracy,grid_correct,grid_total,cell_correct,cell_total,copy_rate,change_recall,transformation_quality
27,A2,1,0.0000,87.4790,0,400,135589,154996,0.3423,0.9771,0.358608
27,C1,71,4.0870,89.5554,1145,28016,5739171,6408516,0.3234,0.6541,0.270543
27,S2,4,0.5000,90.3575,8,1600,389244,430782,0.2502,0.9528,0.788769
27,S3,16,0.2500,90.7775,16,6400,1341662,1477967,0.3158,0.7058,0.291776
