epoch,category,task_count,grid_accuracy,cell_accuracy,grid_correct,grid_total,cell_correct,cell_total,copy_rate,change_recall,transformation_quality
1,A2,1,0.0000,80.1898,0,400,124291,154996,0.3197,0.9915,0.316637
1,C1,71,3.8085,85.6589,1067,28016,5489467,6408516,0.3077,0.6447,0.254028
1,S2,4,0.1875,81.3476,3,1600,350431,430782,0.2538,0.9436,0.710521
1,S3,16,0.2188,87.0327,14,6400,1286315,1477967,0.3028,0.6883,0.269564
