epoch,category,task_count,grid_accuracy,cell_accuracy,grid_correct,grid_total,cell_correct,cell_total,copy_rate,change_recall,transformation_quality
52,C1,31,0.0000,83.1381,0,104,12065,14512,0.1708,0.5963,0.101220
52,S2,7,0.0000,72.4482,0,23,4507,6221,0.0718,0.8611,0.329609
52,S3,82,0.0000,89.6058,0,231,70345,78505,0.4114,0.6470,0.303921
