epoch,category,task_count,grid_accuracy,cell_accuracy,grid_correct,grid_total,cell_correct,cell_total,copy_rate,change_recall,transformation_quality
75,C1,31,0.0000,82.5593,0,104,11981,14512,0.1701,0.5944,0.100428
75,S2,7,0.0000,71.1140,0,23,4424,6221,0.0720,0.8606,0.323677
75,S3,82,0.0000,89.0440,0,231,69904,78505,0.4146,0.6321,0.293673
