epoch,category,task_count,grid_accuracy,cell_accuracy,grid_correct,grid_total,cell_correct,cell_total,copy_rate,change_recall,transformation_quality
13,C1,31,0.9615,85.7635,1,104,12446,14512,0.1693,0.6264,0.111211
13,S2,7,0.0000,76.3061,0,23,4747,6221,0.0634,0.8892,0.355485
13,S3,82,0.0000,91.1611,0,231,71566,78505,0.4103,0.6734,0.329800
