epoch,category,task_count,grid_accuracy,cell_accuracy,grid_correct,grid_total,cell_correct,cell_total,copy_rate,change_recall,transformation_quality
22,C1,31,0.9615,85.0469,1,104,12342,14512,0.1714,0.6145,0.106877
22,S2,7,0.0000,74.7147,0,23,4648,6221,0.0632,0.8930,0.348303
22,S3,82,0.0000,90.9101,0,231,71369,78505,0.3968,0.6804,0.333615
