epoch,category,task_count,grid_accuracy,cell_accuracy,grid_correct,grid_total,cell_correct,cell_total,copy_rate,change_recall,transformation_quality
74,C1,31,0.9615,81.7668,1,104,11866,14512,0.1686,0.6174,0.097939
74,S2,7,0.0000,70.3263,0,23,4375,6221,0.0694,0.8682,0.322172
74,S3,82,0.0000,88.7217,0,231,69651,78505,0.4128,0.6315,0.294419
