epoch,category,task_count,grid_accuracy,cell_accuracy,grid_correct,grid_total,cell_correct,cell_total,copy_rate,change_recall,transformation_quality
94,C1,31,0.0000,82.1320,0,104,11919,14512,0.1698,0.6004,0.098562
94,S2,7,0.0000,70.2138,0,23,4368,6221,0.0697,0.8617,0.321925
94,S3,82,0.0000,88.7510,0,231,69674,78505,0.4104,0.6315,0.297644
