epoch,category,task_count,grid_accuracy,cell_accuracy,grid_correct,grid_total,cell_correct,cell_total,copy_rate,change_recall,transformation_quality
40,C1,31,0.9615,83.3310,1,104,12093,14512,0.1700,0.6060,0.102284
40,S2,7,0.0000,72.8822,0,23,4534,6221,0.0665,0.8795,0.336102
40,S3,82,0.0000,89.9777,0,231,70637,78505,0.4036,0.6543,0.311319
