epoch,category,task_count,grid_accuracy,cell_accuracy,grid_correct,grid_total,cell_correct,cell_total,copy_rate,change_recall,transformation_quality
67,C1,31,0.9615,82.3250,1,104,11947,14512,0.1708,0.5930,0.098018
67,S2,7,0.0000,71.9659,0,23,4477,6221,0.0742,0.8526,0.326343
67,S3,82,0.0000,89.2618,0,231,70075,78505,0.4176,0.6279,0.299377
