epoch,category,task_count,grid_accuracy,cell_accuracy,grid_correct,grid_total,cell_correct,cell_total,copy_rate,change_recall,transformation_quality
80,C1,31,0.0000,81.9666,0,104,11895,14512,0.1694,0.5959,0.099141
80,S2,7,0.0000,71.2104,0,23,4430,6221,0.0689,0.8703,0.325432
80,S3,82,0.0000,89.0300,0,231,69893,78505,0.4155,0.6251,0.292790
