epoch,category,task_count,grid_accuracy,cell_accuracy,grid_correct,grid_total,cell_correct,cell_total,copy_rate,change_recall,transformation_quality
76,C1,31,0.0000,82.5179,0,104,11975,14512,0.1701,0.6048,0.100450
76,S2,7,0.0000,71.1140,0,23,4424,6221,0.0717,0.8634,0.323806
76,S3,82,0.0000,88.9485,0,231,69829,78505,0.4161,0.6268,0.291778
