epoch,category,task_count,grid_accuracy,cell_accuracy,grid_correct,grid_total,cell_correct,cell_total,copy_rate,change_recall,transformation_quality
12,C1,31,0.9615,85.9013,1,104,12466,14512,0.1715,0.6187,0.109791
12,S2,7,0.0000,76.6597,0,23,4769,6221,0.0650,0.8866,0.356613
12,S3,82,0.0000,91.1203,0,231,71534,78505,0.4101,0.6622,0.329420
