epoch,category,task_count,grid_accuracy,cell_accuracy,grid_correct,grid_total,cell_correct,cell_total,copy_rate,change_recall,transformation_quality
59,C1,31,0.0000,82.8625,0,104,12025,14512,0.1706,0.6025,0.100510
59,S2,7,0.0000,72.3517,0,23,4501,6221,0.0703,0.8604,0.331853
59,S3,82,0.0000,89.4886,0,231,70253,78505,0.4113,0.6456,0.303361
