epoch,category,task_count,grid_accuracy,cell_accuracy,grid_correct,grid_total,cell_correct,cell_total,copy_rate,change_recall,transformation_quality
46,C1,31,0.9615,83.3379,1,104,12094,14512,0.1694,0.6094,0.102528
46,S2,7,0.0000,72.4482,0,23,4507,6221,0.0675,0.8727,0.333844
46,S3,82,0.0000,89.7051,0,231,70423,78505,0.4041,0.6631,0.309614
