epoch,category,task_count,grid_accuracy,cell_accuracy,grid_correct,grid_total,cell_correct,cell_total,copy_rate,change_recall,transformation_quality
48,C1,31,0.9615,83.2552,1,104,12082,14512,0.1694,0.6179,0.101760
48,S2,7,0.0000,72.9625,0,23,4539,6221,0.0691,0.8680,0.334289
48,S3,82,0.0000,89.5675,0,231,70315,78505,0.4105,0.6433,0.303667
