epoch,category,task_count,grid_accuracy,cell_accuracy,grid_correct,grid_total,cell_correct,cell_total,copy_rate,change_recall,transformation_quality
87,C1,31,0.0000,82.0356,0,104,11905,14512,0.1697,0.5998,0.099144
87,S2,7,0.0000,69.7959,0,23,4342,6221,0.0715,0.8552,0.318585
87,S3,82,0.0000,89.1077,0,231,69954,78505,0.4128,0.6323,0.298463
