epoch,category,task_count,grid_accuracy,cell_accuracy,grid_correct,grid_total,cell_correct,cell_total,copy_rate,change_recall,transformation_quality
47,C1,31,0.9615,83.2346,1,104,12079,14512,0.1704,0.6018,0.101396
47,S2,7,0.0000,72.3517,0,23,4501,6221,0.0678,0.8688,0.333077
47,S3,82,0.0000,89.6580,0,231,70386,78505,0.4058,0.6575,0.308085
