epoch,category,task_count,grid_accuracy,cell_accuracy,grid_correct,grid_total,cell_correct,cell_total,copy_rate,change_recall,transformation_quality
3,C1,31,0.9615,87.1968,1,104,12654,14512,0.1702,0.6314,0.115509
3,S2,7,0.0000,78.4922,0,23,4883,6221,0.0711,0.8624,0.357864
3,S3,82,0.0000,91.6668,0,231,71963,78505,0.4222,0.6500,0.327366
