epoch,category,task_count,grid_accuracy,cell_accuracy,grid_correct,grid_total,cell_correct,cell_total,copy_rate,change_recall,transformation_quality
72,C1,31,0.0000,82.6213,0,104,11990,14512,0.1696,0.6006,0.101031
72,S2,7,0.0000,71.7248,0,23,4462,6221,0.0679,0.8691,0.330060
72,S3,82,0.0000,89.2211,0,231,70043,78505,0.4103,0.6410,0.303333
