epoch,category,task_count,grid_accuracy,cell_accuracy,grid_correct,grid_total,cell_correct,cell_total,copy_rate,change_recall,transformation_quality
31,C1,31,0.9615,84.2475,1,104,12226,14512,0.1693,0.6182,0.107210
31,S2,7,0.0000,74.4575,0,23,4632,6221,0.0629,0.8911,0.348114
31,S3,82,0.0000,90.4847,0,231,71035,78505,0.3992,0.6741,0.326337
