epoch,category,task_count,grid_accuracy,cell_accuracy,grid_correct,grid_total,cell_correct,cell_total,copy_rate,change_recall,transformation_quality
11,C1,31,0.9615,86.4250,1,104,12542,14512,0.1698,0.6295,0.113059
11,S2,7,0.0000,77.3670,0,23,4813,6221,0.0632,0.8952,0.360755
11,S3,82,0.0000,91.4362,0,231,71782,78505,0.4042,0.6783,0.334177
