epoch,category,task_count,grid_accuracy,cell_accuracy,grid_correct,grid_total,cell_correct,cell_total,copy_rate,change_recall,transformation_quality
83,C1,31,0.0000,82.0769,0,104,11911,14512,0.1706,0.5872,0.098569
83,S2,7,0.0000,71.2586,0,23,4433,6221,0.0702,0.8649,0.326092
83,S3,82,0.0000,88.9752,0,231,69850,78505,0.4154,0.6271,0.294091
