epoch,category,task_count,grid_accuracy,cell_accuracy,grid_correct,grid_total,cell_correct,cell_total,copy_rate,change_recall,transformation_quality
18,C1,31,0.9615,85.2398,1,104,12370,14512,0.1724,0.6029,0.107013
18,S2,7,0.0000,75.6631,0,23,4707,6221,0.0652,0.8723,0.350481
18,S3,82,0.0000,90.9815,0,231,71425,78505,0.4095,0.6621,0.324739
