epoch,category,task_count,grid_accuracy,cell_accuracy,grid_correct,grid_total,cell_correct,cell_total,copy_rate,change_recall,transformation_quality
77,C1,31,0.0000,82.3663,0,104,11953,14512,0.1696,0.6053,0.100213
77,S2,7,0.0000,70.9371,0,23,4413,6221,0.0709,0.8634,0.323819
77,S3,82,0.0000,88.8631,0,231,69762,78505,0.4145,0.6266,0.291068
