epoch,category,task_count,grid_accuracy,cell_accuracy,grid_correct,grid_total,cell_correct,cell_total,copy_rate,change_recall,transformation_quality
49,C1,31,0.9615,83.5515,1,104,12125,14512,0.1671,0.6141,0.105778
49,S2,7,0.0000,72.8179,0,23,4530,6221,0.0688,0.8711,0.334972
49,S3,82,0.0000,89.7204,0,231,70435,78505,0.4050,0.6566,0.308242
