epoch,category,task_count,grid_accuracy,cell_accuracy,grid_correct,grid_total,cell_correct,cell_total,copy_rate,change_recall,transformation_quality
20,C1,31,0.9615,85.3294,1,104,12383,14512,0.1731,0.6085,0.107354
20,S2,7,0.0000,75.6631,0,23,4707,6221,0.0663,0.8876,0.350116
20,S3,82,0.0000,90.9585,0,231,71407,78505,0.4130,0.6494,0.320570
