epoch,category,task_count,grid_accuracy,cell_accuracy,grid_correct,grid_total,cell_correct,cell_total,copy_rate,change_recall,transformation_quality
10,A2,1,0.0000,85.9803,0,400,133266,154996,0.3437,0.9642,0.349912
10,C1,71,4.0870,89.1336,1145,28016,5712138,6408516,0.3155,0.6568,0.273065
10,S2,4,0.2500,88.3939,4,1600,380785,430782,0.2499,0.9518,0.776269
10,S3,16,0.2500,90.3857,16,6400,1335871,1477967,0.3082,0.7118,0.292741
