epoch,category,task_count,grid_accuracy,cell_accuracy,grid_correct,grid_total,cell_correct,cell_total,copy_rate,change_recall,transformation_quality
23,A2,1,0.0000,86.7429,0,400,134448,154996,0.3430,0.9755,0.355074
23,C1,71,4.1262,89.6158,1156,28016,5743046,6408516,0.3196,0.6597,0.274475
23,S2,4,0.3750,90.3975,6,1600,389416,430782,0.2497,0.9536,0.790412
23,S3,16,0.2344,90.8135,15,6400,1342194,1477967,0.3142,0.7077,0.292722
