epoch,category,task_count,grid_accuracy,cell_accuracy,grid_correct,grid_total,cell_correct,cell_total,copy_rate,change_recall,transformation_quality
21,A2,1,0.0000,86.5455,0,400,134142,154996,0.3431,0.9747,0.354183
21,C1,71,4.0977,89.3724,1148,28016,5727446,6408516,0.3198,0.6562,0.271266
21,S2,4,0.5625,90.1470,9,1600,388337,430782,0.2511,0.9521,0.787739
21,S3,16,0.2188,90.3632,14,6400,1335539,1477967,0.3061,0.7190,0.293299
