epoch,category,task_count,grid_accuracy,cell_accuracy,grid_correct,grid_total,cell_correct,cell_total,copy_rate,change_recall,transformation_quality
9,A2,1,0.0000,85.3590,0,400,132303,154996,0.3442,0.9603,0.346352
9,C1,71,4.0334,88.9141,1130,28016,5698072,6408516,0.3216,0.6395,0.265179
9,S2,4,0.1250,87.3876,2,1600,376450,430782,0.2541,0.9468,0.766063
9,S3,16,0.2344,90.1350,15,6400,1332165,1477967,0.3138,0.7033,0.287553
