epoch,category,task_count,grid_accuracy,cell_accuracy,grid_correct,grid_total,cell_correct,cell_total,copy_rate,change_recall,transformation_quality
13,A2,1,0.0000,85.0015,0,400,131749,154996,0.3436,0.9651,0.345553
13,C1,71,3.9263,88.9438,1100,28016,5699977,6408516,0.3144,0.6522,0.269920
13,S2,4,0.6250,87.7439,10,1600,377985,430782,0.2491,0.9518,0.768114
13,S3,16,0.2344,90.1233,15,6400,1331992,1477967,0.3025,0.7154,0.291609
