epoch,category,task_count,grid_accuracy,cell_accuracy,grid_correct,grid_total,cell_correct,cell_total,copy_rate,change_recall,transformation_quality
29,A2,1,0.0000,87.0932,0,400,134991,154996,0.3426,0.9805,0.357440
29,C1,71,4.1048,89.6384,1150,28016,5744489,6408516,0.3209,0.6628,0.274330
29,S2,4,0.6250,90.7167,10,1600,390791,430782,0.2517,0.9512,0.790398
29,S3,16,0.2344,90.9899,15,6400,1344800,1477967,0.3177,0.7102,0.293364
