epoch,category,task_count,grid_accuracy,cell_accuracy,grid_correct,grid_total,cell_correct,cell_total,copy_rate,change_recall,transformation_quality
12,A2,1,0.0000,85.1667,0,400,132005,154996,0.3454,0.9443,0.341275
12,C1,71,3.8835,88.9027,1088,28016,5697346,6408516,0.3291,0.6192,0.259350
12,S2,4,0.6875,86.8943,11,1600,374325,430782,0.2519,0.9491,0.761817
12,S3,16,0.2500,90.0155,16,6400,1330400,1477967,0.3212,0.6750,0.281122
