epoch,category,task_count,grid_accuracy,cell_accuracy,grid_correct,grid_total,cell_correct,cell_total,copy_rate,change_recall,transformation_quality
0,A2,1,0.0000,52.8252,0,400,81877,154996,0.1803,0.9993,0.186750
0,C1,71,3.3338,74.6333,934,28016,4782885,6408516,0.3015,0.6484,0.214650
0,S2,4,0.0625,76.0698,1,1600,327695,430782,0.2802,0.9030,0.653310
0,S3,16,0.1875,74.0222,12,6400,1094024,1477967,0.2893,0.7176,0.237222
