epoch,category,task_count,grid_accuracy,cell_accuracy,grid_correct,grid_total,cell_correct,cell_total,copy_rate,change_recall,transformation_quality
7,A2,1,0.0000,84.3531,0,400,130744,154996,0.3457,0.9375,0.337265
7,C1,71,3.6229,88.5427,1015,28016,5674275,6408516,0.3292,0.6162,0.253966
7,S2,4,0.3750,85.6449,6,1600,368943,430782,0.2498,0.9506,0.751827
7,S3,16,0.2656,89.6339,17,6400,1324760,1477967,0.3181,0.6857,0.280874
