epoch,category,task_count,grid_accuracy,cell_accuracy,grid_correct,grid_total,cell_correct,cell_total,copy_rate,change_recall,transformation_quality
26,A2,1,0.0000,87.0739,0,400,134961,154996,0.3424,0.9760,0.356694
26,C1,71,4.1084,89.3561,1151,28016,5726403,6408516,0.3224,0.6553,0.268972
26,S2,4,0.3750,89.8355,6,1600,386995,430782,0.2518,0.9494,0.782774
26,S3,16,0.2344,90.6196,15,6400,1339328,1477967,0.3177,0.7037,0.288272
