epoch,category,task_count,grid_accuracy,cell_accuracy,grid_correct,grid_total,cell_correct,cell_total,copy_rate,change_recall,transformation_quality
28,A2,1,0.0000,86.8719,0,400,134648,154996,0.3429,0.9771,0.355988
28,C1,71,4.1155,89.5928,1153,28016,5741571,6408516,0.3249,0.6546,0.269762
28,S2,4,0.5625,90.5005,9,1600,389860,430782,0.2497,0.9522,0.789481
28,S3,16,0.2344,90.8790,15,6400,1343162,1477967,0.3218,0.7036,0.289735
