epoch,category,task_count,grid_accuracy,cell_accuracy,grid_correct,grid_total,cell_correct,cell_total,copy_rate,change_recall,transformation_quality
2,A2,1,0.0000,83.8035,0,400,129892,154996,0.3482,0.9046,0.328291
2,C1,71,3.9870,87.5798,1117,28016,5612563,6408516,0.3253,0.5915,0.249705
2,S2,4,0.6250,82.3806,10,1600,354881,430782,0.2476,0.9479,0.720672
2,S3,16,0.2188,88.7192,14,6400,1311240,1477967,0.3193,0.6609,0.271895
