epoch,category,task_count,grid_accuracy,cell_accuracy,grid_correct,grid_total,cell_correct,cell_total,copy_rate,change_recall,transformation_quality
14,A2,1,0.0000,86.1493,0,400,133528,154996,0.3434,0.9620,0.349938
14,C1,71,3.9692,89.1350,1112,28016,5712230,6408516,0.3174,0.6550,0.270940
14,S2,4,0.6250,88.7089,10,1600,382142,430782,0.2509,0.9505,0.774842
14,S3,16,0.2969,90.3375,19,6400,1335159,1477967,0.3036,0.7212,0.293028
