epoch,category,task_count,grid_accuracy,cell_accuracy,grid_correct,grid_total,cell_correct,cell_total,copy_rate,change_recall,transformation_quality
16,A2,1,0.0000,86.4022,0,400,133920,154996,0.3456,0.9481,0.348362
16,C1,71,4.0513,89.3643,1135,28016,5726928,6408516,0.3210,0.6419,0.270347
16,S2,4,0.6875,89.2259,11,1600,384369,430782,0.2504,0.9503,0.779338
16,S3,16,0.2344,90.5314,15,6400,1338024,1477967,0.3116,0.6989,0.289886
