epoch,category,task_count,grid_accuracy,cell_accuracy,grid_correct,grid_total,cell_correct,cell_total,copy_rate,change_recall,transformation_quality
22,A2,1,0.0000,86.3255,0,400,133801,154996,0.3433,0.9719,0.352504
22,C1,71,4.0834,89.4720,1144,28016,5733830,6408516,0.3183,0.6579,0.273766
22,S2,4,0.5000,90.0175,8,1600,387779,430782,0.2508,0.9522,0.786925
22,S3,16,0.2344,90.7420,15,6400,1341137,1477967,0.3116,0.7072,0.293274
