epoch,category,task_count,grid_accuracy,cell_accuracy,grid_correct,grid_total,cell_correct,cell_total,copy_rate,change_recall,transformation_quality
15,A2,1,0.0000,85.3867,0,400,132346,154996,0.3433,0.9683,0.347459
15,C1,71,4.1119,89.2268,1152,28016,5718116,6408516,0.3198,0.6538,0.269562
15,S2,4,0.5000,88.9489,8,1600,383176,430782,0.2496,0.9533,0.779833
15,S3,16,0.2344,90.3291,15,6400,1335034,1477967,0.3096,0.7099,0.290966
