epoch,category,task_count,grid_accuracy,cell_accuracy,grid_correct,grid_total,cell_correct,cell_total,copy_rate,change_recall,transformation_quality
3,A2,1,0.0000,84.3164,0,400,130687,154996,0.3431,0.9463,0.338351
3,C1,71,4.0584,88.3034,1137,28016,5658939,6408516,0.3247,0.6176,0.257389
3,S2,4,0.3750,84.9896,6,1600,366120,430782,0.2483,0.9500,0.745548
3,S3,16,0.2344,89.4534,15,6400,1322092,1477967,0.3173,0.6753,0.279645
