epoch,category,task_count,grid_accuracy,cell_accuracy,grid_correct,grid_total,cell_correct,cell_total,copy_rate,change_recall,transformation_quality
11,A2,1,0.0000,85.9629,0,400,133239,154996,0.3439,0.9653,0.349963
11,C1,71,4.0941,89.3193,1147,28016,5724040,6408516,0.3213,0.6477,0.270618
11,S2,4,0.4375,88.7662,7,1600,382389,430782,0.2509,0.9511,0.778271
11,S3,16,0.2344,90.4743,15,6400,1337180,1477967,0.3175,0.7004,0.288392
