epoch,category,task_count,grid_accuracy,cell_accuracy,grid_correct,grid_total,cell_correct,cell_total,copy_rate,change_recall,transformation_quality
1,C1,31,0.9615,86.7627,1,104,12591,14512,0.1707,0.6302,0.114016
1,S2,7,0.0000,77.9135,0,23,4847,6221,0.0762,0.8273,0.350230
1,S3,82,0.0000,91.2999,0,231,71675,78505,0.4276,0.6499,0.317447
