epoch,category,task_count,grid_accuracy,cell_accuracy,grid_correct,grid_total,cell_correct,cell_total,copy_rate,change_recall,transformation_quality
42,C1,31,0.9615,83.5653,1,104,12127,14512,0.1704,0.6015,0.103617
42,S2,7,0.0000,73.5895,0,23,4578,6221,0.0676,0.8730,0.338220
42,S3,82,0.0000,90.0338,0,231,70681,78505,0.4036,0.6618,0.316444
