epoch,category,task_count,grid_accuracy,cell_accuracy,grid_correct,grid_total,cell_correct,cell_total,copy_rate,change_recall,transformation_quality
88,C1,31,0.9615,82.0356,1,104,11905,14512,0.1717,0.5939,0.097694
88,S2,7,0.0000,70.3424,0,23,4376,6221,0.0699,0.8636,0.322494
88,S3,82,0.0000,89.0810,0,231,69933,78505,0.4180,0.6274,0.293940
