epoch,category,task_count,grid_accuracy,cell_accuracy,grid_correct,grid_total,cell_correct,cell_total,copy_rate,change_recall,transformation_quality
52,C1,31,0.0000,83.3655,0,104,12098,14512,0.1690,0.6282,0.103904
52,S2,7,0.0000,72.4964,0,23,4510,6221,0.0655,0.8751,0.335526
52,S3,82,0.0000,89.7255,0,231,70439,78505,0.4093,0.6455,0.308061
