epoch,category,task_count,grid_accuracy,cell_accuracy,grid_correct,grid_total,cell_correct,cell_total,copy_rate,change_recall,transformation_quality
78,C1,31,0.0000,82.2423,0,104,11935,14512,0.1706,0.6106,0.099584
78,S2,7,0.0000,70.5353,0,23,4388,6221,0.0683,0.8630,0.321919
78,S3,82,0.0000,89.0593,0,231,69916,78505,0.4129,0.6379,0.300382
