epoch,category,task_count,grid_accuracy,cell_accuracy,grid_correct,grid_total,cell_correct,cell_total,copy_rate,change_recall,transformation_quality
46,C1,31,0.9615,83.6894,1,104,12145,14512,0.1704,0.6137,0.104404
46,S2,7,0.0000,72.7375,0,23,4525,6221,0.0672,0.8728,0.335444
46,S3,82,0.0000,89.9522,0,231,70617,78505,0.4026,0.6631,0.316739
