epoch,category,task_count,grid_accuracy,cell_accuracy,grid_correct,grid_total,cell_correct,cell_total,copy_rate,change_recall,transformation_quality
59,C1,31,0.0000,82.9038,0,104,12031,14512,0.1709,0.6071,0.100927
59,S2,7,0.0000,72.2392,0,23,4494,6221,0.0682,0.8702,0.331797
59,S3,82,0.0000,89.6134,0,231,70351,78505,0.4106,0.6468,0.304757
