epoch,category,task_count,grid_accuracy,cell_accuracy,grid_correct,grid_total,cell_correct,cell_total,copy_rate,change_recall,transformation_quality
51,C1,31,0.0000,83.5653,0,104,12127,14512,0.1675,0.6376,0.107091
51,S2,7,0.0000,73.3162,0,23,4561,6221,0.0647,0.8781,0.339150
51,S3,82,0.0000,89.7688,0,231,70473,78505,0.4066,0.6572,0.312540
