epoch,category,task_count,grid_accuracy,cell_accuracy,grid_correct,grid_total,cell_correct,cell_total,copy_rate,change_recall,transformation_quality
54,C1,31,0.0000,82.7040,0,104,12002,14512,0.1709,0.6041,0.099989
54,S2,7,0.0000,71.8213,0,23,4468,6221,0.0707,0.8502,0.327251
54,S3,82,0.0000,89.3166,0,231,70118,78505,0.4172,0.6260,0.296594
