epoch,category,task_count,grid_accuracy,cell_accuracy,grid_correct,grid_total,cell_correct,cell_total,copy_rate,change_recall,transformation_quality
17,C1,31,0.9615,85.8944,1,104,12465,14512,0.1696,0.6290,0.112220
17,S2,7,0.0000,75.9363,0,23,4724,6221,0.0667,0.8833,0.351463
17,S3,82,0.0000,91.1165,0,231,71531,78505,0.4006,0.6803,0.334583
