epoch,category,task_count,grid_accuracy,cell_accuracy,grid_correct,grid_total,cell_correct,cell_total,copy_rate,change_recall,transformation_quality
66,C1,31,0.0000,82.7246,0,104,12005,14512,0.1671,0.6249,0.103806
66,S2,7,0.0000,72.2392,0,23,4494,6221,0.0665,0.8771,0.334451
66,S3,82,0.0000,89.2096,0,231,70034,78505,0.4041,0.6533,0.307970
