epoch,category,task_count,grid_accuracy,cell_accuracy,grid_correct,grid_total,cell_correct,cell_total,copy_rate,change_recall,transformation_quality
43,C1,31,0.9615,83.5102,1,104,12119,14512,0.1705,0.6217,0.103703
43,S2,7,0.0000,72.8661,0,23,4533,6221,0.0656,0.8723,0.337107
43,S3,82,0.0000,89.8656,0,231,70549,78505,0.4030,0.6577,0.315064
