epoch,category,task_count,grid_accuracy,cell_accuracy,grid_correct,grid_total,cell_correct,cell_total,copy_rate,change_recall,transformation_quality
73,C1,31,0.9615,82.0631,1,104,11909,14512,0.1708,0.6073,0.098826
73,S2,7,0.0000,72.0624,0,23,4483,6221,0.0657,0.8743,0.332309
73,S3,82,0.0000,89.1765,0,231,70008,78505,0.4093,0.6453,0.300366
