epoch,category,task_count,grid_accuracy,cell_accuracy,grid_correct,grid_total,cell_correct,cell_total,copy_rate,change_recall,transformation_quality
15,C1,31,0.9615,86.0322,1,104,12485,14512,0.1703,0.6176,0.111678
15,S2,7,0.0000,76.0489,0,23,4731,6221,0.0709,0.8715,0.348167
15,S3,82,0.0000,91.1458,0,231,71554,78505,0.4082,0.6724,0.331087
