epoch,category,task_count,grid_accuracy,cell_accuracy,grid_correct,grid_total,cell_correct,cell_total,copy_rate,change_recall,transformation_quality
14,C1,31,0.9615,85.8531,1,104,12459,14512,0.1695,0.6258,0.111760
14,S2,7,0.0000,76.2578,0,23,4744,6221,0.0693,0.8787,0.349284
14,S3,82,0.0000,91.1764,0,231,71578,78505,0.4142,0.6610,0.329338
