epoch,category,task_count,grid_accuracy,cell_accuracy,grid_correct,grid_total,cell_correct,cell_total,copy_rate,change_recall,transformation_quality
7,C1,31,0.9615,86.5835,1,104,12565,14512,0.1690,0.6293,0.115167
7,S2,7,0.0000,77.7688,0,23,4838,6221,0.0677,0.8665,0.358053
7,S3,82,0.0000,91.4948,0,231,71828,78505,0.4088,0.6725,0.335241
