epoch,category,task_count,grid_accuracy,cell_accuracy,grid_correct,grid_total,cell_correct,cell_total,copy_rate,change_recall,transformation_quality
79,C1,31,0.0000,82.3732,0,104,11954,14512,0.1703,0.6043,0.100381
79,S2,7,0.0000,70.5674,0,23,4390,6221,0.0688,0.8682,0.324031
79,S3,82,0.0000,89.1701,0,231,70003,78505,0.4253,0.6186,0.291516
