epoch,category,task_count,grid_accuracy,cell_accuracy,grid_correct,grid_total,cell_correct,cell_total,copy_rate,change_recall,transformation_quality
70,C1,31,0.0000,82.4490,0,104,11965,14512,0.1701,0.6104,0.100323
70,S2,7,0.0000,71.2426,0,23,4432,6221,0.0688,0.8644,0.326942
70,S3,82,0.0000,89.2695,0,231,70081,78505,0.4121,0.6385,0.299692
