epoch,category,task_count,grid_accuracy,cell_accuracy,grid_correct,grid_total,cell_correct,cell_total,copy_rate,change_recall,transformation_quality
47,C1,31,0.9615,83.4620,1,104,12112,14512,0.1695,0.6119,0.104485
47,S2,7,0.0000,72.6893,0,23,4522,6221,0.0670,0.8757,0.335499
47,S3,82,0.0000,89.8541,0,231,70540,78505,0.4027,0.6604,0.314858
