epoch,category,task_count,grid_accuracy,cell_accuracy,grid_correct,grid_total,cell_correct,cell_total,copy_rate,change_recall,transformation_quality
61,C1,31,0.0000,82.6282,0,104,11991,14512,0.1711,0.6028,0.099970
61,S2,7,0.0000,71.7409,0,23,4463,6221,0.0690,0.8574,0.328815
61,S3,82,0.0000,89.5854,0,231,70329,78505,0.4063,0.6532,0.310594
