epoch,category,task_count,grid_accuracy,cell_accuracy,grid_correct,grid_total,cell_correct,cell_total,copy_rate,change_recall,transformation_quality
72,C1,31,0.0000,82.4972,0,104,11972,14512,0.1716,0.5939,0.099239
72,S2,7,0.0000,71.5480,0,23,4451,6221,0.0670,0.8667,0.328971
72,S3,82,0.0000,89.2134,0,231,70037,78505,0.4092,0.6429,0.303550
