epoch,category,task_count,grid_accuracy,cell_accuracy,grid_correct,grid_total,cell_correct,cell_total,copy_rate,change_recall,transformation_quality
24,C1,31,0.9615,85.3914,1,104,12392,14512,0.1677,0.6434,0.112168
24,S2,7,0.0000,74.6182,0,23,4642,6221,0.0619,0.8962,0.349207
24,S3,82,0.0000,90.8579,0,231,71328,78505,0.3974,0.6845,0.332070
