epoch,category,task_count,grid_accuracy,cell_accuracy,grid_correct,grid_total,cell_correct,cell_total,copy_rate,change_recall,transformation_quality
41,C1,31,0.9615,83.8341,1,104,12166,14512,0.1704,0.6189,0.104469
41,S2,7,0.0000,73.3805,0,23,4565,6221,0.0653,0.8834,0.340150
41,S3,82,0.0000,90.1548,0,231,70776,78505,0.4062,0.6576,0.317063
