epoch,category,task_count,grid_accuracy,cell_accuracy,grid_correct,grid_total,cell_correct,cell_total,copy_rate,change_recall,transformation_quality
9,C1,31,0.9615,86.5835,1,104,12565,14512,0.1711,0.6255,0.112774
9,S2,7,0.0000,77.2223,0,23,4804,6221,0.0669,0.8725,0.355920
9,S3,82,0.0000,91.4337,0,231,71780,78505,0.4160,0.6601,0.327857
