epoch,category,task_count,grid_accuracy,cell_accuracy,grid_correct,grid_total,cell_correct,cell_total,copy_rate,change_recall,transformation_quality
67,C1,31,0.9615,82.6006,1,104,11987,14512,0.1700,0.6094,0.101435
67,S2,7,0.0000,71.1622,0,23,4427,6221,0.0693,0.8676,0.325407
67,S3,82,0.0000,89.2860,0,231,70094,78505,0.4112,0.6477,0.304538
