epoch,category,task_count,grid_accuracy,cell_accuracy,grid_correct,grid_total,cell_correct,cell_total,copy_rate,change_recall,transformation_quality
55,C1,31,0.9615,82.9451,1,104,12037,14512,0.1718,0.6024,0.100806
55,S2,7,0.0000,71.9981,0,23,4479,6221,0.0661,0.8789,0.331959
55,S3,82,0.0000,89.4427,0,231,70217,78505,0.4094,0.6471,0.304956
