epoch,category,task_count,grid_accuracy,cell_accuracy,grid_correct,grid_total,cell_correct,cell_total,copy_rate,change_recall,transformation_quality
39,C1,31,0.9615,84.1373,1,104,12210,14512,0.1711,0.6155,0.104976
39,S2,7,0.0000,73.2197,0,23,4555,6221,0.0659,0.8768,0.338694
39,S3,82,0.0000,90.1879,0,231,70802,78505,0.4067,0.6534,0.314222
