epoch,category,task_count,grid_accuracy,cell_accuracy,grid_correct,grid_total,cell_correct,cell_total,copy_rate,change_recall,transformation_quality
27,C1,31,0.9615,85.0813,1,104,12347,14512,0.1696,0.6360,0.109280
27,S2,7,0.0000,74.6665,0,23,4645,6221,0.0660,0.8844,0.346264
27,S3,82,0.0000,90.7076,0,231,71210,78505,0.4055,0.6698,0.325386
