epoch,category,task_count,grid_accuracy,cell_accuracy,grid_correct,grid_total,cell_correct,cell_total,copy_rate,change_recall,transformation_quality
44,C1,31,0.0000,83.5447,0,104,12124,14512,0.1696,0.6129,0.104069
44,S2,7,0.0000,72.3839,0,23,4503,6221,0.0654,0.8843,0.335383
44,S3,82,0.0000,89.7854,0,231,70486,78505,0.4048,0.6563,0.311179
