epoch,category,task_count,grid_accuracy,cell_accuracy,grid_correct,grid_total,cell_correct,cell_total,copy_rate,change_recall,transformation_quality
2,C1,31,0.9615,86.7834,1,104,12594,14512,0.1715,0.6191,0.112771
2,S2,7,0.0000,78.4601,0,23,4881,6221,0.0732,0.8606,0.356696
2,S3,82,0.0000,91.7139,0,231,72000,78505,0.4288,0.6466,0.323955
