epoch,category,task_count,grid_accuracy,cell_accuracy,grid_correct,grid_total,cell_correct,cell_total,copy_rate,change_recall,transformation_quality
84,C1,31,0.9615,81.4498,1,104,11820,14512,0.1673,0.6246,0.099803
84,S2,7,0.0000,71.3872,0,23,4441,6221,0.0678,0.8675,0.326600
84,S3,82,0.0000,88.5332,0,231,69503,78505,0.4049,0.6520,0.297787
