epoch,category,task_count,grid_accuracy,cell_accuracy,grid_correct,grid_total,cell_correct,cell_total,copy_rate,change_recall,transformation_quality
56,C1,31,0.0000,82.5799,0,104,11984,14512,0.1683,0.6418,0.102806
56,S2,7,0.0000,72.8339,0,23,4531,6221,0.0671,0.8782,0.335371
56,S3,82,0.0000,89.5484,0,231,70300,78505,0.4050,0.6589,0.308280
