run,variant,epoch,lr-Adam,step,train_loss_epoch,train_loss_step,val_cell_accuracy,val_change_recall,val_copy_rate,val_grid_accuracy,val_loss,val_transformation_f1
logs_arc_agi_2_run_1,exp2_champion_arc-agi-2_csv,0.0,,100,,,0.894731342792511,0.6359549164772034,0.3400780260562897,0.0027932960074394,0.3289566338062286,0.3073095977306366
logs_arc_agi_2_run_1,exp3_champion_arc-agi-2_csv,0.0,,100,,,0.7149291038513184,0.5739408135414124,0.2953546941280365,0.0,0.890612781047821,0.25633704662323
logs_arc_agi_2_run_1,exp3b_merged_lora_arc-agi-2_csv,0.0,,100,,,0.695212721824646,0.5787301659584045,0.2833884656429291,0.0,1.0278726816177368,0.2654429674148559
logs_arc_agi_2_run_2,exp2_champion_arc-agi-2_csv,0.0,,100,,,0.8950114250183105,0.6291041970252991,0.3441579341888428,0.0027932960074394,0.3278619647026062,0.3039843738079071
logs_arc_agi_2_run_2,exp3_champion_arc-agi-2_csv,0.0,,100,,,0.7172338962554932,0.5776672959327698,0.2948361337184906,0.0,0.8901557326316833,0.2575437426567077
logs_arc_agi_2_run_2,exp3b_merged_lora_arc-agi-2_csv,0.0,,100,,,0.7046083211898804,0.5821532607078552,0.2860215604305267,0.0,1.0073859691619873,0.2668526172637939
logs_arc_agi_2_run_3,exp2_champion_arc-agi-2_csv,0.0,,100,,,0.8952900171279907,0.627129077911377,0.3443247079849243,0.0027932960074394,0.3274230360984802,0.3040429353713989
logs_arc_agi_2_run_3,exp3_champion_arc-agi-2_csv,0.0,,100,,,0.7154220342636108,0.5749672055244446,0.2955624759197235,0.0,0.8914798498153687,0.2567991614341736
logs_arc_agi_2_run_3,exp3b_merged_lora_arc-agi-2_csv,0.0,,100,,,0.7101032733917236,0.6052655577659607,0.2812404334545135,0.0,1.0014972686767578,0.2729897797107696
