epoch,category,task_count,grid_accuracy,cell_accuracy,grid_correct,grid_total,cell_correct,cell_total,copy_rate,change_recall,transformation_quality
92,C1,31,0.0000,67.1513,0,104,9745,14512,0.1622,0.5558,0.065619
92,S2,7,0.0000,65.1181,0,23,4051,6221,0.0595,0.8812,0.300920
92,S3,82,0.0000,73.9583,0,231,58061,78505,0.3749,0.5755,0.210084
