epoch,category,task_count,grid_accuracy,cell_accuracy,grid_correct,grid_total,cell_correct,cell_total,copy_rate,change_recall,transformation_quality
56,C1,31,0.0000,67.3236,0,104,9770,14512,0.1626,0.5723,0.066080
56,S2,7,0.0000,66.0826,0,23,4111,6221,0.0597,0.8779,0.306364
56,S3,82,0.0000,74.1787,0,231,58234,78505,0.3774,0.5775,0.212791
