epoch,category,task_count,grid_accuracy,cell_accuracy,grid_correct,grid_total,cell_correct,cell_total,copy_rate,change_recall,transformation_quality
81,C1,31,0.0000,66.6069,0,104,9666,14512,0.1574,0.5807,0.067749
81,S2,7,0.0000,65.9380,0,23,4102,6221,0.0606,0.8866,0.307629
81,S3,82,0.0000,74.0284,0,231,58116,78505,0.3779,0.5674,0.208411
