epoch,category,task_count,grid_accuracy,cell_accuracy,grid_correct,grid_total,cell_correct,cell_total,copy_rate,change_recall,transformation_quality
65,C1,31,0.0000,67.3443,0,104,9773,14512,0.1595,0.5735,0.068578
65,S2,7,0.0000,65.2789,0,23,4061,6221,0.0573,0.8893,0.303345
65,S3,82,0.0000,73.7647,0,231,57909,78505,0.3771,0.5599,0.205230
