epoch,category,task_count,grid_accuracy,cell_accuracy,grid_correct,grid_total,cell_correct,cell_total,copy_rate,change_recall,transformation_quality
8,C1,31,0.0000,67.7026,0,104,9825,14512,0.1612,0.5562,0.067655
8,S2,7,0.0000,65.2950,0,23,4062,6221,0.0591,0.8886,0.303189
8,S3,82,0.0000,73.9074,0,231,58021,78505,0.3645,0.5861,0.216885
