epoch,category,task_count,grid_accuracy,cell_accuracy,grid_correct,grid_total,cell_correct,cell_total,copy_rate,change_recall,transformation_quality
41,C1,31,0.0000,67.8749,0,104,9850,14512,0.1577,0.5854,0.070935
41,S2,7,0.0000,64.7645,0,23,4029,6221,0.0608,0.8815,0.300054
41,S3,82,0.0000,73.1393,0,231,57418,78505,0.3683,0.5813,0.210712
