epoch,category,task_count,grid_accuracy,cell_accuracy,grid_correct,grid_total,cell_correct,cell_total,copy_rate,change_recall,transformation_quality
75,C1,31,0.0000,66.7103,0,104,9681,14512,0.1632,0.5453,0.065242
75,S2,7,0.0000,65.8254,0,23,4095,6221,0.0620,0.8679,0.304729
75,S3,82,0.0000,73.4667,0,231,57675,78505,0.3798,0.5637,0.203943
