epoch,category,task_count,grid_accuracy,cell_accuracy,grid_correct,grid_total,cell_correct,cell_total,copy_rate,change_recall,transformation_quality
67,C1,31,0.0000,67.9851,0,104,9866,14512,0.1592,0.5882,0.070007
67,S2,7,0.0000,64.5395,0,23,4015,6221,0.0574,0.8929,0.297738
67,S3,82,0.0000,74.3074,0,231,58335,78505,0.3719,0.5649,0.210341
