epoch,category,task_count,grid_accuracy,cell_accuracy,grid_correct,grid_total,cell_correct,cell_total,copy_rate,change_recall,transformation_quality
82,C1,31,0.0000,66.9308,0,104,9713,14512,0.1584,0.5770,0.068138
82,S2,7,0.0000,65.7933,0,23,4093,6221,0.0605,0.8884,0.306170
82,S3,82,0.0000,73.6781,0,231,57841,78505,0.3724,0.5688,0.207563
