epoch,category,task_count,grid_accuracy,cell_accuracy,grid_correct,grid_total,cell_correct,cell_total,copy_rate,change_recall,transformation_quality
57,C1,31,0.0000,67.6061,0,104,9811,14512,0.1617,0.5579,0.067568
57,S2,7,0.0000,65.1342,0,23,4052,6221,0.0609,0.8728,0.302452
57,S3,82,0.0000,73.9520,0,231,58056,78505,0.3783,0.5648,0.206834
