epoch,category,task_count,grid_accuracy,cell_accuracy,grid_correct,grid_total,cell_correct,cell_total,copy_rate,change_recall,transformation_quality
70,C1,31,0.0000,67.4821,0,104,9793,14512,0.1600,0.5692,0.069253
70,S2,7,0.0000,66.6131,0,23,4144,6221,0.0582,0.8943,0.309758
70,S3,82,0.0000,73.8220,0,231,57954,78505,0.3768,0.5644,0.204795
