epoch,category,task_count,grid_accuracy,cell_accuracy,grid_correct,grid_total,cell_correct,cell_total,copy_rate,change_recall,transformation_quality
6,C1,31,0.0000,67.7439,0,104,9831,14512,0.1641,0.5412,0.065483
6,S2,7,0.0000,65.3110,0,23,4063,6221,0.0602,0.8717,0.303377
6,S3,82,0.0000,73.9966,0,231,58091,78505,0.3584,0.5717,0.218975
