epoch,category,task_count,grid_accuracy,cell_accuracy,grid_correct,grid_total,cell_correct,cell_total,copy_rate,change_recall,transformation_quality
91,C1,31,0.0000,67.5510,0,104,9803,14512,0.1582,0.5827,0.069815
91,S2,7,0.0000,65.6647,0,23,4085,6221,0.0580,0.8944,0.304915
91,S3,82,0.0000,73.5507,0,231,57741,78505,0.3757,0.5726,0.210121
