epoch,category,task_count,grid_accuracy,cell_accuracy,grid_correct,grid_total,cell_correct,cell_total,copy_rate,change_recall,transformation_quality
47,C1,31,0.0000,67.6957,0,104,9824,14512,0.1574,0.5830,0.070602
47,S2,7,0.0000,64.7324,0,23,4027,6221,0.0605,0.8867,0.300305
47,S3,82,0.0000,73.3393,0,231,57575,78505,0.3675,0.5776,0.209821
