epoch,category,task_count,grid_accuracy,cell_accuracy,grid_correct,grid_total,cell_correct,cell_total,copy_rate,change_recall,transformation_quality
49,C1,31,0.0000,67.2271,0,104,9756,14512,0.1577,0.5802,0.068310
49,S2,7,0.0000,66.7095,0,23,4150,6221,0.0608,0.8863,0.311576
49,S3,82,0.0000,74.0233,0,231,58112,78505,0.3715,0.5809,0.214210
