epoch,category,task_count,grid_accuracy,cell_accuracy,grid_correct,grid_total,cell_correct,cell_total,copy_rate,change_recall,transformation_quality
61,C1,31,0.0000,67.3029,0,104,9767,14512,0.1581,0.5840,0.068510
61,S2,7,0.0000,66.0183,0,23,4107,6221,0.0586,0.8877,0.306780
61,S3,82,0.0000,73.5788,0,231,57763,78505,0.3677,0.5696,0.209868
