epoch,category,task_count,grid_accuracy,cell_accuracy,grid_correct,grid_total,cell_correct,cell_total,copy_rate,change_recall,transformation_quality
73,C1,31,0.0000,66.5380,0,104,9656,14512,0.1566,0.5696,0.067967
73,S2,7,0.0000,65.7933,0,23,4093,6221,0.0591,0.8840,0.303906
73,S3,82,0.0000,74.3469,0,231,58366,78505,0.3752,0.5704,0.211311
