epoch,category,task_count,grid_accuracy,cell_accuracy,grid_correct,grid_total,cell_correct,cell_total,copy_rate,change_recall,transformation_quality
78,C1,31,0.0000,68.0127,0,104,9870,14512,0.1598,0.5900,0.069928
78,S2,7,0.0000,63.1249,0,23,3927,6221,0.0579,0.8911,0.292005
78,S3,82,0.0000,72.8285,0,231,57174,78505,0.3790,0.5662,0.200020
