epoch,category,task_count,grid_accuracy,cell_accuracy,grid_correct,grid_total,cell_correct,cell_total,copy_rate,change_recall,transformation_quality
84,C1,31,0.0000,66.1935,0,104,9606,14512,0.1582,0.5760,0.065749
84,S2,7,0.0000,66.2112,0,23,4119,6221,0.0608,0.8848,0.308574
84,S3,82,0.0000,72.8654,0,231,57203,78505,0.3733,0.5731,0.200515
