epoch,category,task_count,grid_accuracy,cell_accuracy,grid_correct,grid_total,cell_correct,cell_total,copy_rate,change_recall,transformation_quality
5,C1,31,0.0000,68.1436,0,104,9889,14512,0.1628,0.5550,0.066469
5,S2,7,0.0000,65.7129,0,23,4088,6221,0.0584,0.8924,0.305392
5,S3,82,0.0000,74.0590,0,231,58140,78505,0.3684,0.5697,0.218309
