epoch,category,task_count,grid_accuracy,cell_accuracy,grid_correct,grid_total,cell_correct,cell_total,copy_rate,change_recall,transformation_quality
31,C1,31,0.0000,66.4278,0,104,9640,14512,0.1515,0.5912,0.071693
31,S2,7,0.0000,65.7611,0,23,4091,6221,0.0601,0.8795,0.305316
31,S3,82,0.0000,74.1774,0,231,58233,78505,0.3769,0.5679,0.211951
