epoch,category,task_count,grid_accuracy,cell_accuracy,grid_correct,grid_total,cell_correct,cell_total,copy_rate,change_recall,transformation_quality
79,C1,31,0.0000,66.6414,0,104,9671,14512,0.1584,0.5882,0.066882
79,S2,7,0.0000,65.2628,0,23,4060,6221,0.0635,0.8828,0.302264
79,S3,82,0.0000,72.5189,0,231,56931,78505,0.3696,0.5728,0.202577
