epoch,category,task_count,grid_accuracy,cell_accuracy,grid_correct,grid_total,cell_correct,cell_total,copy_rate,change_recall,transformation_quality
28,C1,31,0.0000,67.6957,0,104,9824,14512,0.1599,0.5629,0.069479
28,S2,7,0.0000,65.2789,0,23,4061,6221,0.0585,0.8912,0.303662
28,S3,82,0.0000,73.9583,0,231,58061,78505,0.3754,0.5644,0.212122
