epoch,category,task_count,grid_accuracy,cell_accuracy,grid_correct,grid_total,cell_correct,cell_total,copy_rate,change_recall,transformation_quality
21,C1,31,0.0000,67.7853,0,104,9837,14512,0.1628,0.5395,0.067802
21,S2,7,0.0000,65.6808,0,23,4086,6221,0.0608,0.8859,0.306249
21,S3,82,0.0000,73.6144,0,231,57791,78505,0.3631,0.5753,0.218613
