epoch,category,task_count,grid_accuracy,cell_accuracy,grid_correct,grid_total,cell_correct,cell_total,copy_rate,change_recall,transformation_quality
0,C1,31,0.0000,66.0970,0,104,9592,14512,0.1638,0.5559,0.060272
0,S2,7,0.0000,65.5200,0,23,4076,6221,0.0586,0.8995,0.307825
0,S3,82,0.0000,72.1088,0,231,56609,78505,0.3633,0.5637,0.198143
